timestamp,src_ip,dst_ip,protocol,packet_length,src_port,dst_port
1734210337.6137245,N/A,N/A,Other,60,N/A,N/A
1734210337.716436,N/A,N/A,Other,60,N/A,N/A
1734210338.0237556,N/A,N/A,Other,60,N/A,N/A
1734210338.5391974,N/A,N/A,Other,60,N/A,N/A
1734210339.4572592,N/A,N/A,Other,60,N/A,N/A
1734210340.3792725,N/A,N/A,Other,60,N/A,N/A
1734210340.92792,10.59.44.94,10.128.128.128,UDP,99,52301,53
1734210340.929617,10.59.44.94,10.128.128.128,UDP,99,45271,53
1734210340.9411252,10.128.128.128,10.59.44.94,UDP,115,53,52301
1734210340.9416971,10.128.128.128,10.59.44.94,UDP,169,53,45271
1734210340.9451573,10.59.44.94,13.107.42.18,TCP,74,52482,443
1734210340.9550765,13.107.42.18,10.59.44.94,TCP,66,443,52482
1734210340.9553072,10.59.44.94,13.107.42.18,TCP,54,52482,443
1734210340.9568975,10.59.44.94,13.107.42.18,TCP,2307,52482,443
1734210340.962211,13.107.42.18,10.59.44.94,TCP,60,443,52482
1734210340.9701204,13.107.42.18,10.59.44.94,TCP,153,443,52482
1734210340.970374,10.59.44.94,13.107.42.18,TCP,54,52482,443
1734210340.9733667,10.59.44.94,13.107.42.18,TCP,1153,52482,443
1734210340.9804072,13.107.42.18,10.59.44.94,TCP,60,443,52482
1734210340.9898157,13.107.42.18,10.59.44.94,TCP,341,443,52482
1734210340.9900663,10.59.44.94,13.107.42.18,TCP,54,52482,443
1734210340.9926538,10.59.44.94,13.107.42.18,TCP,128,52482,443
1734210340.996772,10.59.44.94,13.107.42.18,TCP,146,52482,443
1734210341.000952,10.59.44.94,13.107.42.18,TCP,515,52482,443
1734210341.0012276,13.107.42.18,10.59.44.94,TCP,60,443,52482
1734210341.0014477,13.107.42.18,10.59.44.94,TCP,116,443,52482
1734210341.003611,10.59.44.94,13.107.42.18,TCP,54,52482,443
1734210341.0047264,10.59.44.94,13.107.42.18,TCP,85,52482,443
1734210341.0056908,13.107.42.18,10.59.44.94,TCP,60,443,52482
1734210341.0081596,13.107.42.18,10.59.44.94,TCP,85,443,52482
1734210341.014413,13.107.42.18,10.59.44.94,TCP,60,443,52482
1734210341.0504067,10.59.44.94,13.107.42.18,TCP,54,52482,443
1734210341.0821893,13.107.42.18,10.59.44.94,TCP,877,443,52482
1734210341.0824323,10.59.44.94,13.107.42.18,TCP,54,52482,443
1734210341.096361,10.59.44.94,13.107.42.18,TCP,266,52482,443
1734210341.1005657,10.59.44.94,13.107.42.18,TCP,333,52482,443
1734210341.1166005,13.107.42.18,10.59.44.94,TCP,60,443,52482
1734210341.1168845,13.107.42.18,10.59.44.94,TCP,60,443,52482
1734210341.157653,13.107.42.18,10.59.44.94,TCP,2179,443,52482
1734210341.157885,10.59.44.94,13.107.42.18,TCP,54,52482,443
1734210341.1605182,13.107.42.18,10.59.44.94,TCP,85,443,52482
1734210341.1608045,10.59.44.94,13.107.42.18,TCP,54,52482,443
1734210341.4069695,N/A,N/A,Other,60,N/A,N/A
1734210342.7172337,10.59.44.94,20.42.73.24,TCP,184,35042,443
1734210342.7197247,10.59.44.94,20.42.73.24,TCP,105,35042,443
1734210342.7200036,10.59.44.94,20.42.73.24,TCP,2802,35042,443
1734210342.7202199,10.59.44.94,20.42.73.24,TCP,2802,35042,443
1734210342.720435,10.59.44.94,20.42.73.24,TCP,2802,35042,443
1734210342.7206614,10.59.44.94,20.42.73.24,TCP,2802,35042,443
1734210342.7947712,20.42.73.24,10.59.44.94,TCP,66,443,35042
1734210342.795078,10.59.44.94,20.42.73.24,TCP,2802,35042,443
1734210342.796294,10.59.44.94,20.42.73.24,TCP,2802,35042,443
1734210342.79656,20.42.73.24,10.59.44.94,TCP,105,443,35042
1734210342.7967432,20.42.73.24,10.59.44.94,TCP,66,443,35042
1734210342.7969306,20.42.73.24,10.59.44.94,TCP,66,443,35042
1734210342.7971106,20.42.73.24,10.59.44.94,TCP,66,443,35042
1734210342.7973409,20.42.73.24,10.59.44.94,TCP,66,443,35042
1734210342.7975228,20.42.73.24,10.59.44.94,TCP,66,443,35042
1734210342.7977328,10.59.44.94,20.42.73.24,TCP,571,35042,443
1734210342.7979133,20.42.73.24,10.59.44.94,TCP,66,443,35042
1734210342.798087,20.42.73.24,10.59.44.94,TCP,66,443,35042
1734210342.868801,20.42.73.24,10.59.44.94,TCP,66,443,35042
1734210342.869195,20.42.73.24,10.59.44.94,TCP,66,443,35042
1734210342.8693905,20.42.73.24,10.59.44.94,TCP,66,443,35042
1734210342.8799427,20.42.73.24,10.59.44.94,TCP,164,443,35042
1734210342.8802054,10.59.44.94,20.42.73.24,TCP,101,35042,443
1734210343.0090234,20.42.73.24,10.59.44.94,TCP,66,443,35042
1734210345.0062785,10.59.44.94,10.128.128.128,UDP,105,49084,53
1734210345.0082965,10.59.44.94,10.128.128.128,UDP,105,44675,53
1734210345.0519705,10.128.128.128,10.59.44.94,UDP,187,53,49084
1734210345.052686,10.128.128.128,10.59.44.94,UDP,227,53,44675
1734210345.0530756,10.59.44.94,10.128.128.128,UDP,89,44984,53
1734210345.067182,10.59.44.94,93.184.215.201,TCP,74,55702,443
1734210345.0674121,10.59.44.94,93.184.215.201,TCP,74,55704,443
1734210345.0676243,10.59.44.94,93.184.215.201,TCP,74,55706,443
1734210345.0776925,93.184.215.201,10.59.44.94,TCP,74,443,55702
1734210345.0780191,10.59.44.94,93.184.215.201,TCP,66,55702,443
1734210345.079213,93.184.215.201,10.59.44.94,TCP,74,443,55706
1734210345.0794864,10.59.44.94,93.184.215.201,TCP,66,55706,443
1734210345.079681,93.184.215.201,10.59.44.94,TCP,74,443,55704
1734210345.0799541,10.59.44.94,93.184.215.201,TCP,66,55704,443
1734210345.088486,10.59.44.94,93.184.215.201,TCP,1842,55702,443
1734210345.088816,10.59.44.94,93.184.215.201,TCP,1842,55706,443
1734210345.0890481,10.59.44.94,93.184.215.201,TCP,1842,55704,443
1734210345.0892348,93.184.215.201,10.59.44.94,TCP,66,443,55702
1734210345.0977297,93.184.215.201,10.59.44.94,TCP,165,443,55702
1734210345.0980682,10.59.44.94,93.184.215.201,TCP,66,55702,443
1734210345.1273835,10.128.128.128,10.59.44.94,UDP,145,53,44984
1734210345.1277394,93.184.215.201,10.59.44.94,TCP,66,443,55706
1734210345.140709,93.184.215.201,10.59.44.94,TCP,66,443,55704
1734210345.1411242,10.59.44.94,93.184.215.201,TCP,656,55702,443
1734210345.14136,93.184.215.201,10.59.44.94,TCP,165,443,55706
1734210345.141554,10.59.44.94,93.184.215.201,TCP,66,55706,443
1734210345.141762,93.184.215.201,10.59.44.94,TCP,165,443,55704
1734210345.1419463,10.59.44.94,93.184.215.201,TCP,66,55704,443
1734210345.142175,10.59.44.94,93.184.215.201,TCP,656,55706,443
1734210345.1423895,10.59.44.94,93.184.215.201,TCP,656,55704,443
1734210345.142604,93.184.215.201,10.59.44.94,TCP,4162,443,55702
1734210345.1427922,10.59.44.94,93.184.215.201,TCP,66,55702,443
1734210345.143005,93.184.215.201,10.59.44.94,TCP,2419,443,55702
1734210345.1431952,10.59.44.94,93.184.215.201,TCP,66,55702,443
1734210345.1434095,93.184.215.201,10.59.44.94,TCP,4162,443,55706
1734210345.143589,10.59.44.94,93.184.215.201,TCP,66,55706,443
1734210345.1438482,93.184.215.201,10.59.44.94,TCP,2419,443,55706
1734210345.144039,10.59.44.94,93.184.215.201,TCP,66,55706,443
1734210345.1442683,93.184.215.201,10.59.44.94,TCP,4162,443,55704
1734210345.1444616,10.59.44.94,93.184.215.201,TCP,66,55704,443
1734210345.1446822,93.184.215.201,10.59.44.94,TCP,2419,443,55704
1734210345.144877,10.59.44.94,93.184.215.201,TCP,66,55704,443
1734210345.1451008,10.59.44.94,93.184.215.201,TCP,140,55702,443
1734210345.1453211,10.59.44.94,93.184.215.201,TCP,140,55706,443
1734210345.145527,10.59.44.94,93.184.215.201,TCP,140,55704,443
1734210345.1457324,93.184.215.201,10.59.44.94,TCP,321,443,55702
1734210345.145917,10.59.44.94,93.184.215.201,TCP,66,55702,443
1734210345.1461244,93.184.215.201,10.59.44.94,TCP,321,443,55702
1734210345.1463025,10.59.44.94,93.184.215.201,TCP,66,55702,443
1734210345.146511,93.184.215.201,10.59.44.94,TCP,174,443,55702
1734210345.146689,10.59.44.94,93.184.215.201,TCP,66,55702,443
1734210345.1468976,93.184.215.201,10.59.44.94,TCP,321,443,55706
1734210345.1470811,10.59.44.94,93.184.215.201,TCP,66,55706,443
1734210345.1472833,93.184.215.201,10.59.44.94,TCP,321,443,55706
1734210345.1474617,10.59.44.94,93.184.215.201,TCP,66,55706,443
1734210345.1476638,93.184.215.201,10.59.44.94,TCP,174,443,55706
1734210345.147844,10.59.44.94,93.184.215.201,TCP,66,55706,443
1734210345.186673,93.184.215.201,10.59.44.94,TCP,321,443,55704
1734210345.187046,10.59.44.94,93.184.215.201,TCP,66,55704,443
1734210345.1872761,93.184.215.201,10.59.44.94,TCP,321,443,55704
1734210345.187457,10.59.44.94,93.184.215.201,TCP,66,55704,443
1734210345.1876602,93.184.215.201,10.59.44.94,TCP,174,443,55704
1734210345.1878421,10.59.44.94,93.184.215.201,TCP,66,55704,443
1734210345.188013,10.59.44.94,93.184.215.201,TCP,66,55704,443
1734210345.1916997,10.59.44.94,93.184.215.201,TCP,158,55702,443
1734210345.1919591,93.184.215.201,10.59.44.94,TCP,97,443,55702
1734210345.192153,93.184.215.201,10.59.44.94,TCP,66,443,55704
1734210345.1924148,10.59.44.94,93.184.215.201,TCP,66,55704,443
1734210345.1926484,10.59.44.94,93.184.215.201,TCP,158,55706,443
1734210345.2362974,10.59.44.94,93.184.215.201,TCP,97,55702,443
1734210345.244688,10.59.44.94,93.184.215.201,TCP,560,55702,443
1734210345.2467654,10.59.44.94,93.184.215.201,TCP,195,55702,443
1734210345.2470865,10.59.44.94,93.184.215.201,TCP,97,55706,443
1734210345.2473204,10.59.44.94,93.184.215.201,TCP,578,55706,443
1734210345.247505,93.184.215.201,10.59.44.94,TCP,66,443,55706
1734210345.2477062,93.184.215.201,10.59.44.94,TCP,97,443,55706
1734210345.2479293,93.184.215.201,10.59.44.94,TCP,66,443,55702
1734210345.2481608,93.184.215.201,10.59.44.94,TCP,2802,443,55706
1734210345.2483768,93.184.215.201,10.59.44.94,TCP,398,443,55706
1734210345.248557,10.59.44.94,93.184.215.201,TCP,66,55706,443
1734210345.2487679,N/A,N/A,Other,60,N/A,N/A
1734210345.2489855,93.184.215.201,10.59.44.94,TCP,66,443,55702
1734210345.3405926,93.184.215.201,10.59.44.94,TCP,379,443,55702
1734210345.3444567,93.184.215.201,10.59.44.94,TCP,161,443,55702
1734210345.3453138,10.59.44.94,93.184.215.201,TCP,269,55702,443
1734210345.3564968,93.184.215.201,10.59.44.94,TCP,66,443,55702
1734210345.3567765,93.184.215.201,10.59.44.94,TCP,2802,443,55702
1734210345.356991,93.184.215.201,10.59.44.94,TCP,1092,443,55702
1734210345.35915,10.59.44.94,93.184.215.201,TCP,66,55702,443
1734210345.501298,N/A,N/A,Other,60,N/A,N/A
1734210345.8207536,10.59.44.94,10.128.128.128,UDP,100,33375,53
1734210345.8252714,10.59.44.94,10.128.128.128,UDP,100,54462,53
1734210345.8327062,10.128.128.128,10.59.44.94,UDP,116,53,33375
1734210345.8408327,10.59.44.94,13.107.6.175,TCP,74,35618,443
1734210345.8425717,10.128.128.128,10.59.44.94,UDP,173,53,54462
1734210345.8570485,13.107.6.175,10.59.44.94,TCP,66,443,35618
1734210345.8572705,10.59.44.94,13.107.6.175,TCP,54,35618,443
1734210345.8584368,10.59.44.94,13.107.6.175,TCP,1793,35618,443
1734210345.8620074,10.59.44.94,13.107.6.175,TCP,74,35620,443
1734210345.8684545,13.107.6.175,10.59.44.94,TCP,60,443,35618
1734210345.8787146,13.107.6.175,10.59.44.94,TCP,153,443,35618
1734210345.8789427,10.59.44.94,13.107.6.175,TCP,54,35618,443
1734210345.8791273,13.107.6.175,10.59.44.94,TCP,66,443,35620
1734210345.8793037,10.59.44.94,13.107.6.175,TCP,54,35620,443
1734210345.8795152,10.59.44.94,13.107.6.175,TCP,639,35618,443
1734210345.8797243,10.59.44.94,13.107.6.175,TCP,1857,35620,443
1734210345.8930411,13.107.6.175,10.59.44.94,TCP,60,443,35620
1734210345.893375,13.107.6.175,10.59.44.94,TCP,60,443,35618
1734210345.89363,13.107.6.175,10.59.44.94,TCP,8125,443,35618
1734210345.8938208,10.59.44.94,13.107.6.175,TCP,54,35618,443
1734210345.8940191,13.107.6.175,10.59.44.94,TCP,153,443,35620
1734210345.8941905,10.59.44.94,13.107.6.175,TCP,54,35620,443
1734210345.9042587,10.59.44.94,13.107.6.175,TCP,703,35620,443
1734210345.910671,10.59.44.94,13.107.6.175,TCP,128,35618,443
1734210345.9111078,13.107.6.175,10.59.44.94,TCP,60,443,35620
1734210345.9174614,10.59.44.94,13.107.6.175,TCP,74,35622,443
1734210345.9178162,13.107.6.175,10.59.44.94,TCP,8125,443,35620
1734210345.9180002,10.59.44.94,13.107.6.175,TCP,54,35620,443
1734210345.9229667,10.59.44.94,13.107.6.175,TCP,128,35620,443
1734210345.9233081,13.107.6.175,10.59.44.94,TCP,60,443,35618
1734210345.9235787,13.107.6.175,10.59.44.94,TCP,513,443,35618
1734210345.923764,10.59.44.94,13.107.6.175,TCP,54,35618,443
1734210345.923972,13.107.6.175,10.59.44.94,TCP,116,443,35618
1734210345.9241447,10.59.44.94,13.107.6.175,TCP,54,35618,443
1734210345.924341,10.59.44.94,13.107.6.175,TCP,146,35618,443
1734210345.9367962,13.107.6.175,10.59.44.94,TCP,66,443,35622
1734210345.9370713,10.59.44.94,13.107.6.175,TCP,54,35622,443
1734210345.9373074,10.59.44.94,13.107.6.175,TCP,2308,35622,443
1734210345.9375062,13.107.6.175,10.59.44.94,TCP,60,443,35618
1734210345.9377117,13.107.6.175,10.59.44.94,TCP,85,443,35618
1734210345.9378982,13.107.6.175,10.59.44.94,TCP,60,443,35622
1734210345.9405851,10.59.44.94,13.107.6.175,TCP,54,35620,443
1734210345.9455163,10.59.44.94,13.107.6.175,TCP,85,35618,443
1734210345.946142,13.107.6.175,10.59.44.94,TCP,60,443,35620
1734210345.9466677,10.59.44.94,13.107.6.175,TCP,596,35618,443
1734210345.9468997,10.59.44.94,13.107.6.175,TCP,217,35618,443
1734210345.947107,10.59.44.94,13.107.6.175,TCP,204,35618,443
1734210345.9473088,13.107.6.175,10.59.44.94,TCP,153,443,35622
1734210345.94751,10.59.44.94,13.107.6.175,TCP,54,35622,443
1734210345.960649,10.59.44.94,13.107.6.175,TCP,1154,35622,443
1734210345.9608974,13.107.6.175,10.59.44.94,TCP,60,443,35620
1734210345.9610868,13.107.6.175,10.59.44.94,TCP,60,443,35618
1734210345.9612834,13.107.6.175,10.59.44.94,TCP,60,443,35618
1734210345.9614718,13.107.6.175,10.59.44.94,TCP,60,443,35618
1734210345.961667,13.107.6.175,10.59.44.94,TCP,60,443,35618
1734210345.9618866,13.107.6.175,10.59.44.94,TCP,513,443,35620
1734210345.9621105,10.59.44.94,13.107.6.175,TCP,54,35620,443
1734210345.9623096,13.107.6.175,10.59.44.94,TCP,116,443,35620
1734210345.9624805,10.59.44.94,13.107.6.175,TCP,54,35620,443
1734210345.9626625,13.107.6.175,10.59.44.94,TCP,60,443,35620
1734210345.9919355,13.107.6.175,10.59.44.94,TCP,60,443,35622
1734210345.9922123,13.107.6.175,10.59.44.94,TCP,8125,443,35622
1734210345.9923897,10.59.44.94,13.107.6.175,TCP,54,35622,443
1734210345.9925976,10.59.44.94,13.107.6.175,TCP,128,35622,443
1734210345.992786,13.107.6.175,10.59.44.94,TCP,60,443,35622
1734210345.9945233,10.59.44.94,10.128.128.128,UDP,89,41867,53
1734210346.0022783,13.107.6.175,10.59.44.94,TCP,513,443,35622
1734210346.0025208,10.59.44.94,13.107.6.175,TCP,54,35622,443
1734210346.0027788,13.107.6.175,10.59.44.94,TCP,116,443,35622
1734210346.0029528,10.59.44.94,13.107.6.175,TCP,54,35622,443
1734210346.003134,10.59.44.94,93.184.215.201,TCP,74,55714,443
1734210346.0088458,10.128.128.128,10.59.44.94,UDP,145,53,41867
1734210346.01403,N/A,N/A,Other,60,N/A,N/A
1734210346.0144165,93.184.215.201,10.59.44.94,TCP,74,443,55714
1734210346.014628,10.59.44.94,93.184.215.201,TCP,66,55714,443
1734210346.0149703,10.59.44.94,93.184.215.201,TCP,1810,55714,443
1734210346.0215156,93.184.215.201,10.59.44.94,TCP,66,443,55714
1734210346.0217972,13.107.6.175,10.59.44.94,TCP,1089,443,35618
1734210346.0256581,93.184.215.201,10.59.44.94,TCP,165,443,55714
1734210346.0259347,10.59.44.94,93.184.215.201,TCP,66,55714,443
1734210346.0261583,10.59.44.94,93.184.215.201,TCP,624,55714,443
1734210346.0603757,93.184.215.201,10.59.44.94,TCP,4162,443,55714
1734210346.0606618,10.59.44.94,93.184.215.201,TCP,66,55714,443
1734210346.0609498,93.184.215.201,10.59.44.94,TCP,2419,443,55714
1734210346.0611353,10.59.44.94,93.184.215.201,TCP,66,55714,443
1734210346.0613422,10.59.44.94,93.184.215.201,TCP,140,55714,443
1734210346.061613,93.184.215.201,10.59.44.94,TCP,321,443,55714
1734210346.0618014,10.59.44.94,93.184.215.201,TCP,66,55714,443
1734210346.0620072,93.184.215.201,10.59.44.94,TCP,321,443,55714
1734210346.0621843,10.59.44.94,93.184.215.201,TCP,66,55714,443
1734210346.0624177,93.184.215.201,10.59.44.94,TCP,174,443,55714
1734210346.0626125,10.59.44.94,93.184.215.201,TCP,66,55714,443
1734210346.062812,10.59.44.94,93.184.215.201,TCP,158,55714,443
1734210346.0630121,10.59.44.94,93.184.215.201,TCP,97,55714,443
1734210346.0631833,93.184.215.201,10.59.44.94,TCP,66,443,55714
1734210346.0634315,93.184.215.201,10.59.44.94,TCP,97,443,55714
1734210346.0819812,10.59.44.94,93.184.215.201,TCP,427,55714,443
1734210346.0822535,10.59.44.94,13.107.6.175,TCP,54,35618,443
1734210346.0824866,93.184.215.201,10.59.44.94,TCP,2802,443,55714
1734210346.0828295,93.184.215.201,10.59.44.94,TCP,1139,443,55714
1734210346.0830293,10.59.44.94,93.184.215.201,TCP,66,55714,443
1734210346.0832438,13.107.6.175,10.59.44.94,TCP,1337,443,35618
1734210346.0834217,10.59.44.94,13.107.6.175,TCP,54,35618,443
1734210346.157593,10.59.44.94,10.128.128.128,UDP,103,41071,53
1734210346.1617992,10.59.44.94,10.128.128.128,UDP,103,58575,53
1734210346.1772234,10.128.128.128,10.59.44.94,UDP,225,53,58575
1734210346.1780214,10.128.128.128,10.59.44.94,UDP,185,53,41071
1734210346.178399,10.59.44.94,10.128.128.128,UDP,89,43289,53
1734210346.189433,10.128.128.128,10.59.44.94,UDP,145,53,43289
1734210346.1898289,10.59.44.94,93.184.215.201,TCP,219,55706,443
1734210346.1939795,10.59.44.94,93.184.215.201,TCP,191,55706,443
1734210346.2064142,93.184.215.201,10.59.44.94,TCP,11010,443,55706
1734210346.206702,93.184.215.201,10.59.44.94,TCP,5538,443,55706
1734210346.2069407,93.184.215.201,10.59.44.94,TCP,8274,443,55706
1734210346.20716,93.184.215.201,10.59.44.94,TCP,2802,443,55706
1734210346.2074444,93.184.215.201,10.59.44.94,TCP,5538,443,55706
1734210346.2076902,93.184.215.201,10.59.44.94,TCP,9642,443,55706
1734210346.2078815,10.59.44.94,93.184.215.201,TCP,66,55706,443
1734210346.2286062,93.184.215.201,10.59.44.94,TCP,17850,443,55706
1734210346.228925,93.184.215.201,10.59.44.94,TCP,2802,443,55706
1734210346.229232,93.184.215.201,10.59.44.94,TCP,4634,443,55706
1734210346.229421,10.59.44.94,93.184.215.201,TCP,66,55706,443
1734210346.2388449,93.184.215.201,10.59.44.94,TCP,16018,443,55706
1734210346.239123,93.184.215.201,10.59.44.94,TCP,2034,443,55706
1734210346.2393608,10.59.44.94,93.184.215.201,TCP,66,55706,443
1734210346.2563875,93.184.215.201,10.59.44.94,TCP,6541,443,55706
1734210346.256692,10.59.44.94,93.184.215.201,TCP,66,55706,443
1734210346.358607,10.59.44.94,93.184.215.201,TCP,202,55702,443
1734210346.4083636,93.184.215.201,10.59.44.94,TCP,66,443,55702
1734210346.5495524,93.184.215.201,10.59.44.94,TCP,138,443,55702
1734210346.5538359,10.59.44.94,93.184.215.201,TCP,195,55702,443
1734210346.5669584,93.184.215.201,10.59.44.94,TCP,66,443,55702
1734210346.5672472,93.184.215.201,10.59.44.94,TCP,4170,443,55702
1734210346.5674744,93.184.215.201,10.59.44.94,TCP,587,443,55702
1734210346.5709665,10.59.44.94,93.184.215.201,TCP,66,55702,443
1734210346.576631,10.59.44.94,10.128.128.128,UDP,102,39562,53
1734210346.5781178,10.59.44.94,10.128.128.128,UDP,102,50226,53
1734210346.5945165,10.128.128.128,10.59.44.94,UDP,118,53,39562
1734210346.5951788,10.128.128.128,10.59.44.94,UDP,175,53,50226
1734210346.5954232,10.59.44.94,13.107.6.175,TCP,74,35626,443
1734210346.6090024,13.107.6.175,10.59.44.94,TCP,66,443,35626
1734210346.6092288,10.59.44.94,13.107.6.175,TCP,54,35626,443
1734210346.609461,10.59.44.94,13.107.6.175,TCP,1795,35626,443
1734210346.6162257,13.107.6.175,10.59.44.94,TCP,60,443,35626
1734210346.6249275,13.107.6.175,10.59.44.94,TCP,153,443,35626
1734210346.6252098,10.59.44.94,13.107.6.175,TCP,54,35626,443
1734210346.6267705,10.59.44.94,13.107.6.175,TCP,641,35626,443
1734210346.6392088,13.107.6.175,10.59.44.94,TCP,60,443,35626
1734210346.6425183,13.107.6.175,10.59.44.94,TCP,8125,443,35626
1734210346.6427522,10.59.44.94,13.107.6.175,TCP,54,35626,443
1734210346.6465392,10.59.44.94,13.107.6.175,TCP,128,35626,443
1734210346.6504972,10.59.44.94,13.107.6.175,TCP,146,35626,443
1734210346.6550565,10.59.44.94,13.107.6.175,TCP,506,35626,443
1734210346.6592731,13.107.6.175,10.59.44.94,TCP,60,443,35626
1734210346.6596482,13.107.6.175,10.59.44.94,TCP,513,443,35626
1734210346.6598308,10.59.44.94,13.107.6.175,TCP,54,35626,443
1734210346.6600773,13.107.6.175,10.59.44.94,TCP,116,443,35626
1734210346.6602805,10.59.44.94,13.107.6.175,TCP,54,35626,443
1734210346.6604755,13.107.6.175,10.59.44.94,TCP,60,443,35626
1734210346.6607103,10.59.44.94,13.107.6.175,TCP,85,35626,443
1734210346.667481,13.107.6.175,10.59.44.94,TCP,85,443,35626
1734210346.670325,13.107.6.175,10.59.44.94,TCP,60,443,35626
1734210346.7165995,10.59.44.94,13.107.6.175,TCP,54,35626,443
1734210346.8042142,13.107.6.175,10.59.44.94,TCP,1090,443,35626
1734210346.8044527,10.59.44.94,13.107.6.175,TCP,54,35626,443
1734210346.80944,10.59.44.94,93.184.215.201,TCP,236,55714,443
1734210346.824064,93.184.215.201,10.59.44.94,TCP,9642,443,55714
1734210346.824436,93.184.215.201,10.59.44.94,TCP,6906,443,55714
1734210346.8246856,93.184.215.201,10.59.44.94,TCP,9642,443,55714
1734210346.8249078,93.184.215.201,10.59.44.94,TCP,6906,443,55714
1734210346.8251348,93.184.215.201,10.59.44.94,TCP,2802,443,55714
1734210346.8254044,10.59.44.94,93.184.215.201,TCP,66,55714,443
1734210346.8257654,93.184.215.201,10.59.44.94,TCP,6906,443,55714
1734210346.8389187,93.184.215.201,10.59.44.94,TCP,16482,443,55714
1734210346.845567,93.184.215.201,10.59.44.94,TCP,4170,443,55714
1734210346.8458245,10.59.44.94,93.184.215.201,TCP,66,55714,443
1734210346.8461576,93.184.215.201,10.59.44.94,TCP,15114,443,55714
1734210346.8463957,10.59.44.94,93.184.215.201,TCP,66,55714,443
1734210346.8466578,93.184.215.201,10.59.44.94,TCP,5538,443,55714
1734210346.8470752,93.184.215.201,10.59.44.94,TCP,15114,443,55714
1734210346.847428,93.184.215.201,10.59.44.94,TCP,5538,443,55714
1734210346.8477063,93.184.215.201,10.59.44.94,TCP,1522,443,55714
1734210346.8479714,10.59.44.94,93.184.215.201,TCP,66,55714,443
1734210346.8879032,93.184.215.201,10.59.44.94,TCP,15114,443,55714
1734210346.888175,10.59.44.94,93.184.215.201,TCP,66,55714,443
1734210346.8883893,93.184.215.201,10.59.44.94,TCP,4082,443,55714
1734210346.8885684,10.59.44.94,93.184.215.201,TCP,66,55714,443
1734210346.888777,93.184.215.201,10.59.44.94,TCP,2802,443,55714
1734210346.8889563,10.59.44.94,93.184.215.201,TCP,66,55714,443
1734210346.8891819,93.184.215.201,10.59.44.94,TCP,12378,443,55714
1734210346.8893769,10.59.44.94,93.184.215.201,TCP,66,55714,443
1734210346.8895874,93.184.215.201,10.59.44.94,TCP,5538,443,55714
1734210346.8897645,10.59.44.94,93.184.215.201,TCP,66,55714,443
1734210346.8900135,93.184.215.201,10.59.44.94,TCP,20586,443,55714
1734210346.8902073,10.59.44.94,93.184.215.201,TCP,66,55714,443
1734210346.8904095,93.184.215.201,10.59.44.94,TCP,2426,443,55714
1734210346.8905845,10.59.44.94,93.184.215.201,TCP,66,55714,443
1734210346.8908236,93.184.215.201,10.59.44.94,TCP,18226,443,55714
1734210346.8910196,10.59.44.94,93.184.215.201,TCP,66,55714,443
1734210346.8912566,93.184.215.201,10.59.44.94,TCP,20586,443,55714
1734210346.8914504,10.59.44.94,93.184.215.201,TCP,66,55714,443
1734210346.8916826,93.184.215.201,10.59.44.94,TCP,20586,443,55714
1734210346.9311745,10.59.44.94,93.184.215.201,TCP,66,55714,443
1734210347.1287088,10.59.44.94,20.42.73.24,TCP,184,35042,443
1734210347.136264,10.59.44.94,20.42.73.24,TCP,2802,35042,443
1734210347.1365447,10.59.44.94,20.42.73.24,TCP,2802,35042,443
1734210347.1367588,10.59.44.94,20.42.73.24,TCP,2802,35042,443
1734210347.1369767,10.59.44.94,20.42.73.24,TCP,2802,35042,443
1734210347.1372435,10.59.44.94,20.42.73.24,TCP,1434,35042,443
1734210347.1724622,10.59.44.94,93.184.215.201,TCP,188,55714,443
1734210347.1819575,93.184.215.201,10.59.44.94,TCP,12378,443,55714
1734210347.18222,10.59.44.94,93.184.215.201,TCP,66,55714,443
1734210347.1824324,93.184.215.201,10.59.44.94,TCP,101,443,55714
1734210347.1826077,10.59.44.94,93.184.215.201,TCP,66,55714,443
1734210347.209175,20.42.73.24,10.59.44.94,TCP,66,443,35042
1734210347.209465,10.59.44.94,20.42.73.24,TCP,2802,35042,443
1734210347.2096808,10.59.44.94,20.42.73.24,TCP,2481,35042,443
1734210347.2098718,20.42.73.24,10.59.44.94,TCP,66,443,35042
1734210347.2101204,20.42.73.24,10.59.44.94,TCP,66,443,35042
1734210347.2103186,20.42.73.24,10.59.44.94,TCP,66,443,35042
1734210347.2104952,20.42.73.24,10.59.44.94,TCP,66,443,35042
1734210347.2830625,20.42.73.24,10.59.44.94,TCP,66,443,35042
1734210347.2833035,20.42.73.24,10.59.44.94,TCP,66,443,35042
1734210347.293906,20.42.73.24,10.59.44.94,TCP,160,443,35042
1734210347.3383121,10.59.44.94,20.42.73.24,TCP,66,35042,443
1734210348.0603657,N/A,N/A,Other,60,N/A,N/A
1734210348.3881712,10.59.44.94,10.128.128.128,UDP,82,58388,53
1734210348.390265,10.59.44.94,10.128.128.128,UDP,82,55789,53
1734210348.4035065,10.128.128.128,10.59.44.94,UDP,153,53,58388
1734210348.4042602,10.128.128.128,10.59.44.94,UDP,179,53,55789
1734210348.405935,10.59.44.94,10.128.128.128,UDP,96,44140,53
1734210348.422738,10.128.128.128,10.59.44.94,UDP,157,53,44140
1734210348.4230442,10.59.44.94,199.232.196.193,TCP,74,38148,443
1734210348.4232335,10.59.44.94,199.232.196.193,TCP,74,38150,443
1734210348.431612,199.232.196.193,10.59.44.94,TCP,74,443,38148
1734210348.4319348,10.59.44.94,199.232.196.193,TCP,66,38148,443
1734210348.4321856,199.232.196.193,10.59.44.94,TCP,74,443,38150
1734210348.432382,10.59.44.94,199.232.196.193,TCP,66,38150,443
1734210348.4326105,10.59.44.94,199.232.196.193,TCP,1787,38148,443
1734210348.4328895,10.59.44.94,199.232.196.193,TCP,1851,38150,443
1734210348.4383345,199.232.196.193,10.59.44.94,TCP,66,443,38148
1734210348.4386282,199.232.196.193,10.59.44.94,TCP,66,443,38150
1734210348.4457226,199.232.196.193,10.59.44.94,TCP,5522,443,38148
1734210348.4472148,10.59.44.94,199.232.196.193,TCP,66,38148,443
1734210348.4643655,199.232.196.193,10.59.44.94,TCP,5522,443,38150
1734210348.464709,10.59.44.94,199.232.196.193,TCP,66,38150,443
1734210348.46508,10.59.44.94,199.232.196.193,TCP,159,38148,443
1734210348.465473,10.59.44.94,199.232.196.193,TCP,159,38150,443
1734210348.4657416,10.59.44.94,199.232.196.193,TCP,66,38150,443
1734210348.4660559,10.59.44.94,199.232.196.193,TCP,165,38148,443
1734210348.4664261,10.59.44.94,199.232.196.193,TCP,463,38148,443
1734210348.4910123,199.232.196.193,10.59.44.94,TCP,66,443,38148
1734210348.4914343,199.232.196.193,10.59.44.94,TCP,324,443,38148
1734210348.491779,10.59.44.94,199.232.196.193,TCP,66,38148,443
1734210348.4919832,199.232.196.193,10.59.44.94,TCP,66,443,38150
1734210348.4923007,199.232.196.193,10.59.44.94,TCP,66,443,38150
1734210348.492599,199.232.196.193,10.59.44.94,TCP,324,443,38150
1734210348.4928513,10.59.44.94,199.232.196.193,TCP,54,38150,443
1734210348.493061,199.232.196.193,10.59.44.94,TCP,97,443,38150
1734210348.493234,10.59.44.94,199.232.196.193,TCP,54,38150,443
1734210348.4935184,199.232.196.193,10.59.44.94,TCP,66,443,38148
1734210348.4937575,199.232.196.193,10.59.44.94,TCP,66,443,38148
1734210348.4939895,199.232.196.193,10.59.44.94,TCP,138,443,38148
1734210348.4941783,10.59.44.94,199.232.196.193,TCP,66,38148,443
1734210348.494444,199.232.196.193,10.59.44.94,TCP,544,443,38148
1734210348.4946592,10.59.44.94,199.232.196.193,TCP,66,38148,443
1734210348.4949517,199.232.196.193,10.59.44.94,TCP,5538,443,38148
1734210348.4951546,10.59.44.94,199.232.196.193,TCP,66,38148,443
1734210348.4953663,199.232.196.193,10.59.44.94,TCP,5538,443,38148
1734210348.495615,10.59.44.94,199.232.196.193,TCP,66,38148,443
1734210348.4958372,199.232.196.193,10.59.44.94,TCP,5538,443,38148
1734210348.4961045,10.59.44.94,199.232.196.193,TCP,66,38148,443
1734210348.496334,199.232.196.193,10.59.44.94,TCP,5538,443,38148
1734210348.4966414,10.59.44.94,199.232.196.193,TCP,66,38148,443
1734210348.496862,199.232.196.193,10.59.44.94,TCP,5538,443,38148
1734210348.4971154,10.59.44.94,199.232.196.193,TCP,66,38148,443
1734210348.4973776,10.59.44.94,199.232.196.193,TCP,135,38148,443
1734210348.4976652,199.232.196.193,10.59.44.94,TCP,5538,443,38148
1734210348.4979446,10.59.44.94,199.232.196.193,TCP,66,38148,443
1734210348.5784547,199.232.196.193,10.59.44.94,TCP,4170,443,38148
1734210348.5788212,10.59.44.94,199.232.196.193,TCP,66,38148,443
1734210348.5790646,199.232.196.193,10.59.44.94,TCP,5626,443,38148
1734210348.5792935,199.232.196.193,10.59.44.94,TCP,5058,443,38148
1734210348.5796218,199.232.196.193,10.59.44.94,TCP,66,443,38148
1734210348.6026335,199.232.196.193,10.59.44.94,TCP,1442,443,38148
1734210348.6031423,199.232.196.193,10.59.44.94,TCP,8658,443,38148
1734210348.6301315,199.232.196.193,10.59.44.94,TCP,13746,443,38148
1734210348.6305435,199.232.196.193,10.59.44.94,TCP,2730,443,38148
1734210348.630773,10.59.44.94,199.232.196.193,TCP,66,38148,443
1734210348.6310122,199.232.196.193,10.59.44.94,TCP,4242,443,38148
1734210348.6315355,199.232.196.193,10.59.44.94,TCP,4082,443,38148
1734210348.631899,199.232.196.193,10.59.44.94,TCP,1346,443,38148
1734210348.6322975,10.59.44.94,199.232.196.193,TCP,78,38148,443
1734210348.6325727,10.59.44.94,199.232.196.193,TCP,66,38148,443
1734210348.6597066,10.59.44.94,199.232.196.193,TCP,104,38148,443
1734210348.6600573,199.232.196.193,10.59.44.94,TCP,8274,443,38148
1734210348.6602578,10.59.44.94,199.232.196.193,TCP,66,38148,443
1734210348.6605246,199.232.196.193,10.59.44.94,TCP,8274,443,38148
1734210348.660942,10.59.44.94,199.232.196.193,TCP,66,38148,443
1734210348.661182,199.232.196.193,10.59.44.94,TCP,154,443,38148
1734210348.6614041,199.232.196.193,10.59.44.94,TCP,8274,443,38148
1734210348.6615984,10.59.44.94,199.232.196.193,TCP,66,38148,443
1734210348.6619165,199.232.196.193,10.59.44.94,TCP,8274,443,38148
1734210348.6621735,10.59.44.94,199.232.196.193,TCP,66,38148,443
1734210348.6623883,199.232.196.193,10.59.44.94,TCP,4170,443,38148
1734210348.6627085,10.59.44.94,199.232.196.193,TCP,66,38148,443
1734210348.6632152,199.232.196.193,10.59.44.94,TCP,5538,443,38148
1734210348.6635954,10.59.44.94,199.232.196.193,TCP,66,38148,443
1734210348.6637971,199.232.196.193,10.59.44.94,TCP,66,443,38148
1734210348.664024,199.232.196.193,10.59.44.94,TCP,9642,443,38148
1734210348.7023406,10.59.44.94,199.232.196.193,TCP,66,38148,443
1734210348.702669,199.232.196.193,10.59.44.94,TCP,5538,443,38148
1734210348.7030118,199.232.196.193,10.59.44.94,TCP,28794,443,38148
1734210349.1728263,10.59.44.94,20.42.73.24,TCP,183,35042,443
1734210349.1730924,10.59.44.94,20.42.73.24,TCP,2802,35042,443
1734210349.1733062,10.59.44.94,20.42.73.24,TCP,2802,35042,443
1734210349.1735184,10.59.44.94,20.42.73.24,TCP,2802,35042,443
1734210349.1737373,10.59.44.94,20.42.73.24,TCP,1659,35042,443
1734210349.240395,20.42.73.24,10.59.44.94,TCP,66,443,35042
1734210349.2406278,20.42.73.24,10.59.44.94,TCP,66,443,35042
1734210349.244131,20.42.73.24,10.59.44.94,TCP,66,443,35042
1734210349.244377,20.42.73.24,10.59.44.94,TCP,66,443,35042
1734210349.2767434,20.42.73.24,10.59.44.94,TCP,164,443,35042
1734210349.276973,10.59.44.94,20.42.73.24,TCP,66,35042,443
1734210349.3104064,10.59.44.94,20.42.73.24,TCP,101,35042,443
1734210349.4803927,20.42.73.24,10.59.44.94,TCP,66,443,35042
1734210350.250405,10.59.44.94,10.128.128.128,UDP,88,34415,53
1734210350.253852,10.59.44.94,10.128.128.128,UDP,88,50114,53
1734210350.2622986,10.128.128.128,10.59.44.94,UDP,255,53,34415
1734210350.2658548,10.128.128.128,10.59.44.94,UDP,379,53,50114
1734210350.2764883,10.59.44.94,23.216.81.152,TCP,74,46262,80
1734210350.2850647,23.216.81.152,10.59.44.94,TCP,74,80,46262
1734210350.2853003,10.59.44.94,23.216.81.152,TCP,66,46262,80
1734210350.3085105,10.59.44.94,23.216.81.152,TCP,162,46262,80
1734210350.3199332,23.216.81.152,10.59.44.94,TCP,66,80,46262
1734210350.328889,23.216.81.152,10.59.44.94,TCP,1372,80,46262
1734210350.3291302,10.59.44.94,23.216.81.152,TCP,66,46262,80
1734210350.4015777,10.59.44.94,10.128.128.128,UDP,88,52890,53
1734210350.4044752,10.59.44.94,10.128.128.128,UDP,88,58577,53
1734210350.4177704,10.128.128.128,10.59.44.94,UDP,299,53,52890
1734210350.4189608,10.128.128.128,10.59.44.94,UDP,211,53,58577
1734210350.4193578,10.59.44.94,23.32.75.34,TCP,74,47666,80
1734210350.4266694,23.32.75.34,10.59.44.94,TCP,74,80,47666
1734210350.4269118,10.59.44.94,23.32.75.34,TCP,66,47666,80
1734210350.4272149,10.59.44.94,23.32.75.34,TCP,153,47666,80
1734210350.4363477,23.32.75.34,10.59.44.94,TCP,66,80,47666
1734210350.4453845,23.32.75.34,10.59.44.94,TCP,1332,80,47666
1734210350.4456139,10.59.44.94,23.32.75.34,TCP,66,47666,80
1734210350.5899374,10.59.44.94,23.32.75.34,TCP,66,47666,80
1734210350.5906405,10.59.44.94,23.216.81.152,TCP,66,46262,80
1734210350.5994015,23.32.75.34,10.59.44.94,TCP,66,80,47666
1734210350.5996625,10.59.44.94,23.32.75.34,TCP,66,47666,80
1734210350.5998518,23.216.81.152,10.59.44.94,TCP,66,80,46262
1734210350.6000445,10.59.44.94,23.216.81.152,TCP,66,46262,80
1734210350.9643993,N/A,N/A,Other,60,N/A,N/A
1734210351.323236,10.59.44.94,10.128.128.128,UDP,109,51521,53
1734210351.3254526,10.59.44.94,10.128.128.128,UDP,109,35155,53
1734210351.335854,10.128.128.128,10.59.44.94,UDP,139,53,51521
1734210351.3364732,10.128.128.128,10.59.44.94,UDP,183,53,35155
1734210351.3369205,10.59.44.94,10.128.128.128,UDP,90,48349,53
1734210351.346207,10.128.128.128,10.59.44.94,UDP,150,53,48349
1734210351.3578248,10.59.44.94,13.107.5.93,TCP,74,44324,443
1734210351.3726842,13.107.5.93,10.59.44.94,TCP,66,443,44324
1734210351.3729475,10.59.44.94,13.107.5.93,TCP,54,44324,443
1734210351.3751774,10.59.44.94,13.107.5.93,TCP,571,44324,443
1734210351.3871932,13.107.5.93,10.59.44.94,TCP,60,443,44324
1734210351.3875635,13.107.5.93,10.59.44.94,TCP,153,443,44324
1734210351.3877532,10.59.44.94,13.107.5.93,TCP,54,44324,443
1734210351.3903248,10.59.44.94,13.107.5.93,TCP,398,44324,443
1734210351.4033782,13.107.5.93,10.59.44.94,TCP,60,443,44324
1734210351.4082315,13.107.5.93,10.59.44.94,TCP,4231,443,44324
1734210351.408472,10.59.44.94,13.107.5.93,TCP,54,44324,443
1734210351.408701,10.59.44.94,13.107.5.93,TCP,667,44324,443
1734210351.422866,13.107.5.93,10.59.44.94,TCP,60,443,44324
1734210351.4232483,13.107.5.93,10.59.44.94,TCP,513,443,44324
1734210351.4234462,10.59.44.94,13.107.5.93,TCP,54,44324,443
1734210351.4304247,13.107.5.93,10.59.44.94,TCP,1514,443,44324
1734210351.4306762,10.59.44.94,13.107.5.93,TCP,54,44324,443
1734210351.4308846,13.107.5.93,10.59.44.94,TCP,619,443,44324
1734210351.4312186,10.59.44.94,13.107.5.93,TCP,54,44324,443
1734210352.6056635,10.59.44.94,20.42.73.24,TCP,184,35042,443
1734210352.609591,10.59.44.94,20.42.73.24,TCP,2802,35042,443
1734210352.6100829,10.59.44.94,20.42.73.24,TCP,2802,35042,443
1734210352.610329,10.59.44.94,20.42.73.24,TCP,2802,35042,443
1734210352.6105492,10.59.44.94,20.42.73.24,TCP,2802,35042,443
1734210352.6107697,10.59.44.94,20.42.73.24,TCP,1434,35042,443
1734210352.684609,20.42.73.24,10.59.44.94,TCP,66,443,35042
1734210352.6848881,10.59.44.94,20.42.73.24,TCP,1589,35042,443
1734210352.6850927,20.42.73.24,10.59.44.94,TCP,66,443,35042
1734210352.6852722,20.42.73.24,10.59.44.94,TCP,66,443,35042
1734210352.6854672,20.42.73.24,10.59.44.94,TCP,66,443,35042
1734210352.6856506,20.42.73.24,10.59.44.94,TCP,66,443,35042
1734210352.7596526,20.42.73.24,10.59.44.94,TCP,66,443,35042
1734210352.7636359,20.42.73.24,10.59.44.94,TCP,164,443,35042
1734210352.7638881,10.59.44.94,20.42.73.24,TCP,66,35042,443
1734210353.2618272,10.59.44.94,10.128.128.128,UDP,113,53460,53
1734210353.2635558,10.59.44.94,10.128.128.128,UDP,113,48370,53
1734210353.2857873,10.128.128.128,10.59.44.94,UDP,129,53,53460
1734210353.2863393,10.128.128.128,10.59.44.94,UDP,184,53,48370
1734210353.2865746,10.59.44.94,20.42.65.85,TCP,74,49340,443
1734210353.3595634,20.42.65.85,10.59.44.94,TCP,74,443,49340
1734210353.3597991,10.59.44.94,20.42.65.85,TCP,66,49340,443
1734210353.361293,10.59.44.94,20.42.65.85,TCP,583,49340,443
1734210353.3850367,N/A,N/A,Other,60,N/A,N/A
1734210353.4448545,20.42.65.85,10.59.44.94,TCP,165,443,49340
1734210353.4451199,10.59.44.94,20.42.65.85,TCP,66,49340,443
1734210353.4468493,10.59.44.94,20.42.65.85,TCP,503,49340,443
1734210353.523552,20.42.65.85,10.59.44.94,TCP,4596,443,49340
1734210353.5237887,10.59.44.94,20.42.65.85,TCP,66,49340,443
1734210353.529107,10.59.44.94,20.42.65.85,TCP,2802,49340,443
1734210353.5294433,10.59.44.94,20.42.65.85,TCP,364,49340,443
1734210353.601244,20.42.65.85,10.59.44.94,TCP,66,443,49340
1734210353.6015465,20.42.65.85,10.59.44.94,TCP,169,443,49340
1734210353.6017356,10.59.44.94,20.42.65.85,TCP,66,49340,443
1734210353.6368291,20.42.65.85,10.59.44.94,TCP,530,443,49340
1734210353.6402519,10.59.44.94,20.42.65.85,TCP,90,49340,443
1734210353.6406083,10.59.44.94,20.42.65.85,TCP,66,49340,443
1734210353.7135055,20.42.65.85,10.59.44.94,TCP,66,443,49340
1734210354.737425,10.59.44.94,20.42.73.24,TCP,184,35042,443
1734210354.7391832,10.59.44.94,20.42.73.24,TCP,2802,35042,443
1734210354.7395484,10.59.44.94,20.42.73.24,TCP,2201,35042,443
1734210354.8142583,20.42.73.24,10.59.44.94,TCP,66,443,35042
1734210354.814485,20.42.73.24,10.59.44.94,TCP,66,443,35042
1734210354.9012125,20.42.73.24,10.59.44.94,TCP,66,443,35042
1734210355.0938706,20.42.73.24,10.59.44.94,TCP,164,443,35042
1734210355.0943034,10.59.44.94,20.42.73.24,TCP,66,35042,443
1734210355.1000881,10.59.44.94,20.42.73.24,TCP,101,35042,443
1734210355.4016662,10.59.44.94,20.42.73.24,TCP,101,35042,443
1734210355.4019012,20.42.73.24,10.59.44.94,TCP,66,443,35042
1734210355.4353006,10.59.44.94,13.107.5.93,TCP,54,44324,443
1734210355.4482725,13.107.5.93,10.59.44.94,TCP,60,443,44324
1734210355.448522,13.107.5.93,10.59.44.94,TCP,60,443,44324
1734210355.448705,10.59.44.94,13.107.5.93,TCP,54,44324,443
1734210355.476233,20.42.73.24,10.59.44.94,TCP,78,443,35042
1734210356.1644578,10.59.44.94,10.128.128.128,UDP,113,41118,53
1734210356.175613,10.128.128.128,10.59.44.94,UDP,184,53,41118
1734210356.1772864,10.59.44.94,20.42.65.85,TCP,74,49342,443
1734210356.2570088,20.42.65.85,10.59.44.94,TCP,74,443,49342
1734210356.2573102,10.59.44.94,20.42.65.85,TCP,66,49342,443
1734210356.2588458,10.59.44.94,20.42.65.85,TCP,583,49342,443
1734210356.3391774,20.42.65.85,10.59.44.94,TCP,165,443,49342
1734210356.339423,10.59.44.94,20.42.65.85,TCP,66,49342,443
1734210356.34094,10.59.44.94,20.42.65.85,TCP,503,49342,443
1734210356.5378916,20.42.65.85,10.59.44.94,TCP,4596,443,49342
1734210356.5381422,10.59.44.94,20.42.65.85,TCP,66,49342,443
1734210356.5412483,10.59.44.94,20.42.65.85,TCP,2802,49342,443
1734210356.5415742,10.59.44.94,20.42.65.85,TCP,1384,49342,443
1734210356.6233478,20.42.65.85,10.59.44.94,TCP,66,443,49342
1734210356.6236231,20.42.65.85,10.59.44.94,TCP,169,443,49342
1734210356.6238053,10.59.44.94,20.42.65.85,TCP,66,49342,443
1734210356.633784,20.42.65.85,10.59.44.94,TCP,530,443,49342
1734210356.6340446,10.59.44.94,20.42.65.85,TCP,90,49342,443
1734210356.6349952,10.59.44.94,20.42.65.85,TCP,66,49342,443
1734210356.7151139,20.42.65.85,10.59.44.94,TCP,66,443,49342
1734210356.8641922,N/A,N/A,Other,60,N/A,N/A
1734210359.8724952,13.107.246.70,10.59.44.94,TCP,105,443,38142
1734210359.8727522,10.59.44.94,13.107.246.70,TCP,66,38142,443
1734210359.8729649,13.107.246.70,10.59.44.94,TCP,90,443,38142
1734210359.8818665,10.59.44.94,13.107.246.70,TCP,66,38142,443
1734210359.8859603,13.107.246.70,10.59.44.94,TCP,66,443,38142
1734210360.6049154,10.59.44.94,20.42.73.24,TCP,183,35042,443
1734210360.606875,10.59.44.94,20.42.73.24,TCP,2802,35042,443
1734210360.6071815,10.59.44.94,20.42.73.24,TCP,1983,35042,443
1734210360.684979,20.42.73.24,10.59.44.94,TCP,66,443,35042
1734210360.6852148,20.42.73.24,10.59.44.94,TCP,66,443,35042
1734210360.6887765,20.42.73.24,10.59.44.94,TCP,101,443,35042
1734210360.689,10.59.44.94,20.42.73.24,TCP,66,35042,443
1734210360.821122,20.42.73.24,10.59.44.94,TCP,164,443,35042
1734210360.8213534,10.59.44.94,20.42.73.24,TCP,66,35042,443
1734210360.8351948,10.59.44.94,20.42.73.24,TCP,101,35042,443
1734210360.9991076,20.42.73.24,10.59.44.94,TCP,66,443,35042
1734210365.0323925,10.59.44.94,20.42.73.24,TCP,183,35042,443
1734210365.0347183,10.59.44.94,20.42.73.24,TCP,2802,35042,443
1734210365.0350723,10.59.44.94,20.42.73.24,TCP,2802,35042,443
1734210365.0353496,10.59.44.94,20.42.73.24,TCP,905,35042,443
1734210365.0406466,10.59.44.94,10.128.128.128,UDP,108,33133,53
1734210365.0422838,10.59.44.94,10.128.128.128,UDP,108,42058,53
1734210365.053467,10.128.128.128,10.59.44.94,UDP,180,53,33133
1734210365.0573087,10.128.128.128,10.59.44.94,UDP,238,53,42058
1734210365.057752,10.59.44.94,10.128.128.128,UDP,116,43863,53
1734210365.0715988,10.128.128.128,10.59.44.94,UDP,187,53,43863
1734210365.071899,10.59.44.94,52.168.117.175,TCP,74,33384,443
1734210365.1129136,20.42.73.24,10.59.44.94,TCP,66,443,35042
1734210365.1132913,20.42.73.24,10.59.44.94,TCP,66,443,35042
1734210365.1134937,20.42.73.24,10.59.44.94,TCP,66,443,35042
1734210365.1137176,20.42.73.24,10.59.44.94,TCP,160,443,35042
1734210365.1494358,52.168.117.175,10.59.44.94,TCP,74,443,33384
1734210365.1496794,10.59.44.94,52.168.117.175,TCP,66,33384,443
1734210365.1541095,10.59.44.94,52.168.117.175,TCP,583,33384,443
1734210365.159707,10.59.44.94,20.42.73.24,TCP,66,35042,443
1734210365.230137,52.168.117.175,10.59.44.94,TCP,165,443,33384
1734210365.2303865,10.59.44.94,52.168.117.175,TCP,66,33384,443
1734210365.2338727,10.59.44.94,52.168.117.175,TCP,503,33384,443
1734210365.3129365,52.168.117.175,10.59.44.94,TCP,4596,443,33384
1734210365.3131733,10.59.44.94,52.168.117.175,TCP,66,33384,443
1734210365.3167295,10.59.44.94,52.168.117.175,TCP,2394,33384,443
1734210365.4001966,52.168.117.175,10.59.44.94,TCP,66,443,33384
1734210365.400476,52.168.117.175,10.59.44.94,TCP,169,443,33384
1734210365.4006598,10.59.44.94,52.168.117.175,TCP,66,33384,443
1734210365.4008873,52.168.117.175,10.59.44.94,TCP,530,443,33384
1734210365.4058828,10.59.44.94,52.168.117.175,TCP,90,33384,443
1734210365.4173272,10.59.44.94,52.168.117.175,TCP,66,33384,443
1734210365.4897273,52.168.117.175,10.59.44.94,TCP,66,443,33384
1734210367.43929,10.59.44.94,20.42.73.24,TCP,184,35042,443
1734210367.439709,10.59.44.94,20.42.73.24,TCP,2166,35042,443
1734210367.5145452,20.42.73.24,10.59.44.94,TCP,66,443,35042
1734210367.553844,20.42.73.24,10.59.44.94,TCP,164,443,35042
1734210367.5540743,10.59.44.94,20.42.73.24,TCP,66,35042,443
1734210367.5573292,10.59.44.94,20.42.73.24,TCP,101,35042,443
1734210367.686836,20.42.73.24,10.59.44.94,TCP,66,443,35042
1734210374.9614556,N/A,N/A,Other,60,N/A,N/A
1734210374.9616578,N/A,N/A,Other,60,N/A,N/A
1734210374.9618118,N/A,N/A,Other,42,N/A,N/A
1734210382.7729974,N/A,N/A,Other,60,N/A,N/A
1734210382.7731922,N/A,N/A,Other,60,N/A,N/A
1734210382.9619079,N/A,N/A,Other,60,N/A,N/A
1734210382.9620988,N/A,N/A,Other,42,N/A,N/A
1734210386.3452644,10.59.44.94,13.107.42.18,TCP,54,52482,443
1734210386.3571374,13.107.42.18,10.59.44.94,TCP,60,443,52482
1734210388.0949209,N/A,N/A,Other,60,N/A,N/A
1734210390.961573,N/A,N/A,Other,60,N/A,N/A
1734210391.2733994,10.59.44.94,93.184.215.201,TCP,66,55706,443
1734210391.2841039,93.184.215.201,10.59.44.94,TCP,66,443,55706
1734210391.5930736,10.59.44.94,93.184.215.201,TCP,66,55702,443
1734210391.6017668,93.184.215.201,10.59.44.94,TCP,66,443,55702
1734210392.490972,10.59.44.94,13.107.6.175,TCP,54,35626,443
1734210392.491203,10.59.44.94,93.184.215.201,TCP,66,55714,443
1734210392.4922333,10.59.44.94,13.107.6.175,TCP,54,35622,443
1734210392.4925063,10.59.44.94,13.107.6.175,TCP,54,35618,443
1734210392.4988914,93.184.215.201,10.59.44.94,TCP,66,443,55714
1734210392.5012221,13.107.6.175,10.59.44.94,TCP,60,443,35622
1734210392.5015128,13.107.6.175,10.59.44.94,TCP,60,443,35618
1734210392.5025232,13.107.6.175,10.59.44.94,TCP,60,443,35626
1734210394.5382602,10.59.44.94,199.232.196.193,TCP,66,38148,443
1734210394.5511847,199.232.196.193,10.59.44.94,TCP,66,443,38148
1734210404.4535306,10.59.44.94,10.128.128.128,UDP,116,33563,53
1734210404.4562695,10.59.44.94,10.128.128.128,UDP,116,37904,53
1734210404.456594,10.59.44.94,20.42.73.24,TCP,183,35042,443
1734210404.456804,10.59.44.94,20.42.73.24,TCP,105,35042,443
1734210404.457889,10.59.44.94,20.42.73.24,TCP,2163,35042,443
1734210404.4668038,10.128.128.128,10.59.44.94,UDP,132,53,33563
1734210404.467296,10.128.128.128,10.59.44.94,UDP,187,53,37904
1734210404.534756,10.59.44.94,10.128.128.128,UDP,116,57662,53
1734210404.5366902,20.42.73.24,10.59.44.94,TCP,66,443,35042
1734210404.5369291,20.42.73.24,10.59.44.94,TCP,66,443,35042
1734210404.5371528,20.42.73.24,10.59.44.94,TCP,105,443,35042
1734210404.5373275,10.59.44.94,20.42.73.24,TCP,66,35042,443
1734210404.5465102,10.128.128.128,10.59.44.94,UDP,187,53,57662
1734210404.5480566,10.59.44.94,52.182.143.213,TCP,74,56456,443
1734210404.5978692,52.182.143.213,10.59.44.94,TCP,74,443,56456
1734210404.5981808,10.59.44.94,52.182.143.213,TCP,66,56456,443
1734210404.59921,10.59.44.94,52.182.143.213,TCP,583,56456,443
1734210404.615194,20.42.73.24,10.59.44.94,TCP,163,443,35042
1734210404.6154227,10.59.44.94,20.42.73.24,TCP,66,35042,443
1734210404.6156423,10.59.44.94,20.42.73.24,TCP,101,35042,443
1734210404.660508,52.182.143.213,10.59.44.94,TCP,165,443,56456
1734210404.6607423,10.59.44.94,52.182.143.213,TCP,66,56456,443
1734210404.6620939,10.59.44.94,52.182.143.213,TCP,503,56456,443
1734210404.727967,52.182.143.213,10.59.44.94,TCP,4598,443,56456
1734210404.7283998,10.59.44.94,52.182.143.213,TCP,66,56456,443
1734210404.73265,10.59.44.94,52.182.143.213,TCP,2802,56456,443
1734210404.7329152,10.59.44.94,52.182.143.213,TCP,2802,56456,443
1734210404.7331321,10.59.44.94,52.182.143.213,TCP,2802,56456,443
1734210404.733349,10.59.44.94,52.182.143.213,TCP,2802,56456,443
1734210404.7335668,10.59.44.94,52.182.143.213,TCP,2213,56456,443
1734210404.7368317,20.42.73.24,10.59.44.94,TCP,66,443,35042
1734210404.779073,52.182.143.213,10.59.44.94,TCP,66,443,56456
1734210404.7794302,52.182.143.213,10.59.44.94,TCP,66,443,56456
1734210404.7796109,52.182.143.213,10.59.44.94,TCP,66,443,56456
1734210404.7814825,52.182.143.213,10.59.44.94,TCP,169,443,56456
1734210404.7817152,10.59.44.94,52.182.143.213,TCP,66,56456,443
1734210404.781897,52.182.143.213,10.59.44.94,TCP,66,443,56456
1734210404.7820747,52.182.143.213,10.59.44.94,TCP,66,443,56456
1734210404.7822444,52.182.143.213,10.59.44.94,TCP,66,443,56456
1734210404.7824256,52.182.143.213,10.59.44.94,TCP,66,443,56456
1734210404.8005557,52.182.143.213,10.59.44.94,TCP,530,443,56456
1734210404.8008249,10.59.44.94,52.182.143.213,TCP,90,56456,443
1734210404.8010597,10.59.44.94,52.182.143.213,TCP,66,56456,443
1734210404.8493235,52.182.143.213,10.59.44.94,TCP,66,443,56456
1734210406.9615502,N/A,N/A,Other,60,N/A,N/A
1734210414.9602883,N/A,N/A,Other,60,N/A,N/A
1734210414.960514,N/A,N/A,Other,42,N/A,N/A
1734210415.439766,N/A,N/A,Other,60,N/A,N/A
1734210421.8847313,10.52.176.35,224.0.0.251,UDP,329,5353,5353
1734210421.88542,N/A,N/A,UDP,349,5353,5353
1734210421.8857484,10.52.176.35,224.0.0.251,UDP,88,5353,5353
1734210421.886011,N/A,N/A,UDP,108,5353,5353
1734210422.1357775,10.52.176.35,224.0.0.251,UDP,88,5353,5353
1734210422.1361065,N/A,N/A,UDP,108,5353,5353
1734210422.3872979,10.52.176.35,224.0.0.251,UDP,88,5353,5353
1734210422.3876355,N/A,N/A,UDP,108,5353,5353
1734210422.6419141,10.52.176.35,224.0.0.251,UDP,389,5353,5353
1734210422.642754,N/A,N/A,UDP,409,5353,5353
1734210422.6433759,10.52.176.35,224.0.0.251,UDP,330,5353,5353
1734210422.6441047,N/A,N/A,UDP,350,5353,5353
1734210422.9604933,N/A,N/A,Other,60,N/A,N/A
1734210422.9606872,N/A,N/A,Other,42,N/A,N/A
1734210430.2289083,10.59.44.94,10.128.128.128,UDP,90,46972,53
1734210430.247367,10.128.128.128,10.59.44.94,UDP,150,53,46972
1734210430.248585,10.59.44.94,13.107.5.93,TCP,74,44354,443
1734210430.263632,13.107.5.93,10.59.44.94,TCP,66,443,44354
1734210430.263858,10.59.44.94,13.107.5.93,TCP,54,44354,443
1734210430.2651408,10.59.44.94,13.107.5.93,TCP,571,44354,443
1734210430.2853534,13.107.5.93,10.59.44.94,TCP,60,443,44354
1734210430.2856271,13.107.5.93,10.59.44.94,TCP,153,443,44354
1734210430.285816,10.59.44.94,13.107.5.93,TCP,54,44354,443
1734210430.287197,10.59.44.94,13.107.5.93,TCP,398,44354,443
1734210430.3059578,13.107.5.93,10.59.44.94,TCP,60,443,44354
1734210430.3062818,13.107.5.93,10.59.44.94,TCP,4231,443,44354
1734210430.3064733,10.59.44.94,13.107.5.93,TCP,54,44354,443
1734210430.309244,10.59.44.94,13.107.5.93,TCP,660,44354,443
1734210430.3269782,13.107.5.93,10.59.44.94,TCP,60,443,44354
1734210430.3272543,13.107.5.93,10.59.44.94,TCP,513,443,44354
1734210430.3274322,10.59.44.94,13.107.5.93,TCP,54,44354,443
1734210430.3276384,13.107.5.93,10.59.44.94,TCP,561,443,44354
1734210430.3278131,10.59.44.94,13.107.5.93,TCP,54,44354,443
1734210430.3280156,13.107.5.93,10.59.44.94,TCP,1029,443,44354
1734210430.328189,10.59.44.94,13.107.5.93,TCP,54,44354,443
1734210430.3283901,13.107.5.93,10.59.44.94,TCP,1100,443,44354
1734210430.3285594,10.59.44.94,13.107.5.93,TCP,54,44354,443
1734210430.3287551,13.107.5.93,10.59.44.94,TCP,234,443,44354
1734210430.328924,10.59.44.94,13.107.5.93,TCP,54,44354,443
1734210430.959442,N/A,N/A,Other,60,N/A,N/A
1734210431.2742345,10.59.44.94,10.128.128.128,UDP,100,39329,53
1734210431.290308,10.128.128.128,10.59.44.94,UDP,436,53,39329
1734210431.409582,10.59.44.94,13.107.42.18,TCP,54,52482,443
1734210431.4422789,13.107.42.18,10.59.44.94,TCP,60,443,52482
1734210434.054208,10.59.44.94,10.128.128.128,UDP,90,45725,53
1734210434.0662055,10.128.128.128,10.59.44.94,UDP,150,53,45725
1734210434.0672503,10.59.44.94,13.107.5.93,TCP,74,44358,443
1734210434.0857444,13.107.5.93,10.59.44.94,TCP,66,443,44358
1734210434.0859745,10.59.44.94,13.107.5.93,TCP,54,44358,443
1734210434.0876293,10.59.44.94,13.107.5.93,TCP,571,44358,443
1734210434.1205482,13.107.5.93,10.59.44.94,TCP,60,443,44358
1734210434.1208158,13.107.5.93,10.59.44.94,TCP,153,443,44358
1734210434.120992,10.59.44.94,13.107.5.93,TCP,54,44358,443
1734210434.1242332,10.59.44.94,13.107.5.93,TCP,398,44358,443
1734210434.136483,13.107.5.93,10.59.44.94,TCP,60,443,44358
1734210434.1384907,13.107.5.93,10.59.44.94,TCP,4231,443,44358
1734210434.138723,10.59.44.94,13.107.5.93,TCP,54,44358,443
1734210434.1415706,10.59.44.94,13.107.5.93,TCP,667,44358,443
1734210434.1541255,13.107.5.93,10.59.44.94,TCP,60,443,44358
1734210434.1545026,13.107.5.93,10.59.44.94,TCP,513,443,44358
1734210434.1547694,10.59.44.94,13.107.5.93,TCP,54,44358,443
1734210434.1619513,13.107.5.93,10.59.44.94,TCP,1514,443,44358
1734210434.1621985,10.59.44.94,13.107.5.93,TCP,54,44358,443
1734210434.162408,13.107.5.93,10.59.44.94,TCP,619,443,44358
1734210434.1625783,10.59.44.94,13.107.5.93,TCP,54,44358,443
1734210434.3412242,10.59.44.94,13.107.5.93,TCP,54,44354,443
1734210434.354807,13.107.5.93,10.59.44.94,TCP,60,443,44354
1734210434.355629,13.107.5.93,10.59.44.94,TCP,60,443,44354
1734210434.3558383,10.59.44.94,13.107.5.93,TCP,54,44354,443
1734210436.2476199,10.59.44.94,20.42.73.24,TCP,179,35042,443
1734210436.2478871,10.59.44.94,20.42.73.24,TCP,105,35042,443
1734210436.2481196,10.59.44.94,20.42.73.24,TCP,2166,35042,443
1734210436.3252168,20.42.73.24,10.59.44.94,TCP,66,443,35042
1734210436.325499,20.42.73.24,10.59.44.94,TCP,105,443,35042
1734210436.32569,10.59.44.94,20.42.73.24,TCP,66,35042,443
1734210436.325866,20.42.73.24,10.59.44.94,TCP,66,443,35042
1734210436.326048,20.42.73.24,10.59.44.94,TCP,66,443,35042
1734210436.4011672,20.42.73.24,10.59.44.94,TCP,160,443,35042
1734210436.401398,10.59.44.94,20.42.73.24,TCP,66,35042,443
1734210436.4048731,10.59.44.94,20.42.73.24,TCP,101,35042,443
1734210436.5332205,20.42.73.24,10.59.44.94,TCP,66,443,35042
1734210437.5463781,10.59.44.94,13.107.6.175,TCP,54,35618,443
1734210437.5467763,10.59.44.94,13.107.6.175,TCP,54,35622,443
1734210437.5469613,10.59.44.94,93.184.215.201,TCP,66,55714,443
1734210437.547131,10.59.44.94,13.107.6.175,TCP,54,35626,443
1734210437.547308,10.59.44.94,93.184.215.201,TCP,66,55702,443
1734210437.5474823,10.59.44.94,93.184.215.201,TCP,66,55706,443
1734210437.554376,93.184.215.201,10.59.44.94,TCP,66,443,55702
1734210437.5546231,93.184.215.201,10.59.44.94,TCP,66,443,55714
1734210437.555258,93.184.215.201,10.59.44.94,TCP,66,443,55706
1734210437.5583,13.107.6.175,10.59.44.94,TCP,60,443,35622
1734210437.5600939,13.107.6.175,10.59.44.94,TCP,60,443,35618
1734210437.5610452,13.107.6.175,10.59.44.94,TCP,60,443,35626
1734210438.1664722,10.59.44.94,13.107.5.93,TCP,54,44358,443
1734210438.1799262,13.107.5.93,10.59.44.94,TCP,60,443,44358
1734210438.180474,13.107.5.93,10.59.44.94,TCP,60,443,44358
1734210438.180759,10.59.44.94,13.107.5.93,TCP,54,44358,443
1734210439.5935464,10.59.44.94,199.232.196.193,TCP,66,38148,443
1734210439.602468,199.232.196.193,10.59.44.94,TCP,66,443,38148
1734210446.9599323,N/A,N/A,Other,60,N/A,N/A
1734210446.9601154,N/A,N/A,Other,42,N/A,N/A
1734210448.4101498,10.52.176.35,224.0.0.251,UDP,85,5353,5353
1734210448.4105165,N/A,N/A,UDP,105,5353,5353
1734210449.4103632,10.52.176.35,224.0.0.251,UDP,85,5353,5353
1734210449.410731,N/A,N/A,UDP,105,5353,5353
1734210454.9608283,N/A,N/A,Other,60,N/A,N/A
1734210454.961006,N/A,N/A,Other,42,N/A,N/A
1734210462.969796,N/A,N/A,Other,60,N/A,N/A
1734210462.969985,N/A,N/A,Other,42,N/A,N/A
1734210464.6764736,13.107.42.18,10.59.44.94,TCP,60,443,52482
1734210470.3071008,13.107.6.175,10.59.44.94,TCP,60,443,35618
1734210470.9587817,N/A,N/A,Other,60,N/A,N/A
1734210470.9590037,N/A,N/A,Other,60,N/A,N/A
1734210470.9591439,N/A,N/A,Other,42,N/A,N/A
1734210471.240683,N/A,N/A,Other,60,N/A,N/A
1734210474.383115,13.107.6.175,10.59.44.94,TCP,60,443,35622
1734210475.5315194,13.107.6.175,10.59.44.94,TCP,60,443,35626
1734210478.957616,N/A,N/A,Other,60,N/A,N/A
1734210478.9581227,N/A,N/A,Other,60,N/A,N/A
1734210478.958342,N/A,N/A,Other,42,N/A,N/A
1734210482.6015131,10.59.44.94,20.42.73.24,TCP,66,35042,443
1734210482.6017473,10.59.44.94,93.184.215.201,TCP,66,55706,443
1734210482.6019266,10.59.44.94,93.184.215.201,TCP,66,55702,443
1734210482.6021624,10.59.44.94,93.184.215.201,TCP,66,55714,443
1734210482.6098692,93.184.215.201,10.59.44.94,TCP,66,443,55706
1734210482.6100976,93.184.215.201,10.59.44.94,TCP,66,443,55714
1734210482.6102865,93.184.215.201,10.59.44.94,TCP,66,443,55702
1734210482.6767566,20.42.73.24,10.59.44.94,TCP,66,443,35042
1734210484.6533165,10.59.44.94,199.232.196.193,TCP,66,38148,443
1734210484.6627772,199.232.196.193,10.59.44.94,TCP,66,443,38148
1734210486.9577887,N/A,N/A,Other,60,N/A,N/A
1734210487.7209954,N/A,N/A,Other,42,N/A,N/A
1734210487.722629,N/A,N/A,Other,60,N/A,N/A
1734210494.958872,N/A,N/A,Other,60,N/A,N/A
1734210494.9590604,N/A,N/A,Other,42,N/A,N/A
1734210498.990415,N/A,N/A,Other,60,N/A,N/A
1734210502.957715,N/A,N/A,Other,60,N/A,N/A
1734210502.957896,N/A,N/A,Other,42,N/A,N/A
1734210510.9577796,N/A,N/A,Other,60,N/A,N/A
1734210510.9579754,N/A,N/A,Other,60,N/A,N/A
1734210510.9581208,N/A,N/A,Other,42,N/A,N/A
1734210518.95703,N/A,N/A,Other,60,N/A,N/A
1734210518.957214,N/A,N/A,Other,42,N/A,N/A
1734210521.1774683,10.59.44.94,10.128.128.128,UDP,100,54591,53
1734210521.1913466,10.128.128.128,10.59.44.94,UDP,292,53,54591
1734210521.1917567,10.59.44.94,91.189.91.96,TCP,74,52914,80
1734210521.268747,91.189.91.96,10.59.44.94,TCP,74,80,52914
1734210521.268981,10.59.44.94,91.189.91.96,TCP,66,52914,80
1734210521.2692816,10.59.44.94,91.189.91.96,TCP,153,52914,80
1734210521.3470328,91.189.91.96,10.59.44.94,TCP,251,80,52914
1734210521.347273,10.59.44.94,91.189.91.96,TCP,66,52914,80
1734210521.3474557,91.189.91.96,10.59.44.94,TCP,66,80,52914
1734210521.347632,10.59.44.94,91.189.91.96,TCP,66,52914,80
1734210521.4232318,91.189.91.96,10.59.44.94,TCP,66,80,52914
1734210523.259634,N/A,N/A,Other,60,N/A,N/A
1734210526.661433,93.184.215.201,10.59.44.94,TCP,123,443,55706
1734210526.6619647,93.184.215.201,10.59.44.94,TCP,90,443,55706
1734210526.6621788,93.184.215.201,10.59.44.94,TCP,66,443,55706
1734210526.6636026,10.59.44.94,93.184.215.201,TCP,66,55706,443
1734210526.6638231,10.59.44.94,93.184.215.201,TCP,66,55706,443
1734210526.6727946,93.184.215.201,10.59.44.94,TCP,66,443,55706
1734210526.95678,N/A,N/A,Other,60,N/A,N/A
1734210527.199437,93.184.215.201,10.59.44.94,TCP,123,443,55714
1734210527.1996632,10.59.44.94,93.184.215.201,TCP,66,55714,443
1734210527.1998708,93.184.215.201,10.59.44.94,TCP,90,443,55714
1734210527.200046,10.59.44.94,93.184.215.201,TCP,66,55714,443
1734210527.2002158,93.184.215.201,10.59.44.94,TCP,66,443,55714
1734210527.2003949,10.59.44.94,93.184.215.201,TCP,66,55714,443
1734210527.20559,93.184.215.201,10.59.44.94,TCP,123,443,55702
1734210527.2059054,93.184.215.201,10.59.44.94,TCP,90,443,55702
1734210527.206106,93.184.215.201,10.59.44.94,TCP,66,443,55702
1734210527.20628,10.59.44.94,93.184.215.201,TCP,66,55702,443
1734210527.2064536,10.59.44.94,93.184.215.201,TCP,66,55702,443
1734210527.2075436,93.184.215.201,10.59.44.94,TCP,66,443,55714
1734210527.214431,93.184.215.201,10.59.44.94,TCP,66,443,55702
1734210527.6788175,10.59.44.94,20.42.73.24,TCP,66,35042,443
1734210527.754169,20.42.73.24,10.59.44.94,TCP,66,443,35042
1734210529.7057526,10.59.44.94,199.232.196.193,TCP,66,38148,443
1734210529.713779,199.232.196.193,10.59.44.94,TCP,66,443,38148
1734210533.3967853,N/A,N/A,Other,60,N/A,N/A
1734210534.9571025,N/A,N/A,Other,60,N/A,N/A
1734210542.638237,10.52.176.35,224.0.0.251,UDP,329,5353,5353
1734210542.6389194,N/A,N/A,UDP,349,5353,5353
1734210542.6392634,10.52.176.35,224.0.0.251,UDP,88,5353,5353
1734210542.6395288,N/A,N/A,UDP,108,5353,5353
1734210542.8896494,10.52.176.35,224.0.0.251,UDP,88,5353,5353
1734210542.8899992,N/A,N/A,UDP,108,5353,5353
1734210542.956826,N/A,N/A,Other,60,N/A,N/A
1734210542.9570117,N/A,N/A,Other,42,N/A,N/A
1734210543.1411633,10.52.176.35,224.0.0.251,UDP,88,5353,5353
1734210543.1415017,N/A,N/A,UDP,108,5353,5353
1734210543.394448,10.52.176.35,224.0.0.251,UDP,389,5353,5353
1734210543.3958018,N/A,N/A,UDP,409,5353,5353
1734210543.3964722,10.52.176.35,224.0.0.251,UDP,330,5353,5353
1734210543.3971248,N/A,N/A,UDP,350,5353,5353
1734210545.491659,10.59.44.94,10.128.128.128,UDP,103,42052,53
1734210545.4947445,10.59.44.94,10.128.128.128,UDP,103,59427,53
1734210545.495055,10.59.44.94,20.42.73.24,TCP,179,35042,443
1734210545.495271,10.59.44.94,20.42.73.24,TCP,105,35042,443
1734210545.495478,10.59.44.94,20.42.73.24,TCP,2166,35042,443
1734210545.50429,10.128.128.128,10.59.44.94,UDP,223,53,42052
1734210545.5067444,10.128.128.128,10.59.44.94,UDP,268,53,59427
1734210545.5071862,10.59.44.94,10.128.128.128,UDP,113,34539,53
1734210545.5200021,10.128.128.128,10.59.44.94,UDP,184,53,34539
1734210545.5691864,20.42.73.24,10.59.44.94,TCP,66,443,35042
1734210545.5697544,20.42.73.24,10.59.44.94,TCP,66,443,35042
1734210545.5713375,20.42.73.24,10.59.44.94,TCP,105,443,35042
1734210545.6128507,10.59.44.94,20.42.73.24,TCP,66,35042,443
1734210545.7180054,20.42.73.24,10.59.44.94,TCP,164,443,35042
1734210545.718254,10.59.44.94,20.42.73.24,TCP,66,35042,443
1734210545.7184663,10.59.44.94,20.42.73.24,TCP,101,35042,443
1734210545.8563154,20.42.73.24,10.59.44.94,TCP,66,443,35042
1734210558.9564965,N/A,N/A,Other,60,N/A,N/A
1734210558.9566753,N/A,N/A,Other,42,N/A,N/A
1734210566.9560802,N/A,N/A,Other,60,N/A,N/A
1734210566.9562604,N/A,N/A,Other,42,N/A,N/A
1734210568.6188407,N/A,N/A,Other,60,N/A,N/A
1734210568.6224697,N/A,N/A,Other,60,N/A,N/A
1734210569.9212892,10.59.44.94,10.128.128.128,UDP,97,36040,53
1734210569.9231024,10.59.44.94,10.128.128.128,UDP,97,60092,53
1734210569.9559066,10.128.128.128,10.59.44.94,UDP,260,53,60092
1734210569.9564538,10.59.44.94,10.128.128.128,UDP,116,40550,53
1734210569.9665422,10.128.128.128,10.59.44.94,UDP,312,53,36040
1734210569.9690766,10.128.128.128,10.59.44.94,UDP,176,53,40550
1734210569.96937,10.59.44.94,13.107.253.70,TCP,74,33738,443
1734210569.9827769,13.107.253.70,10.59.44.94,TCP,74,443,33738
1734210569.9830348,10.59.44.94,13.107.253.70,TCP,66,33738,443
1734210569.9832635,10.59.44.94,13.107.253.70,TCP,2194,33738,443
1734210569.9891198,13.107.253.70,10.59.44.94,TCP,66,443,33738
1734210569.9974356,13.107.253.70,10.59.44.94,TCP,165,443,33738
1734210569.997668,10.59.44.94,13.107.253.70,TCP,66,33738,443
1734210569.9978817,10.59.44.94,13.107.253.70,TCP,1008,33738,443
1734210570.0138514,13.107.253.70,10.59.44.94,TCP,2802,443,33738
1734210570.0140994,10.59.44.94,13.107.253.70,TCP,66,33738,443
1734210570.0143247,13.107.253.70,10.59.44.94,TCP,1426,443,33738
1734210570.015244,10.59.44.94,13.107.253.70,TCP,66,33738,443
1734210570.0155609,13.107.253.70,10.59.44.94,TCP,2802,443,33738
1734210570.015765,10.59.44.94,13.107.253.70,TCP,66,33738,443
1734210570.0159798,13.107.253.70,10.59.44.94,TCP,228,443,33738
1734210570.0161574,10.59.44.94,13.107.253.70,TCP,66,33738,443
1734210570.016365,10.59.44.94,13.107.253.70,TCP,140,33738,443
1734210570.0165741,10.59.44.94,13.107.253.70,TCP,158,33738,443
1734210570.016778,10.59.44.94,13.107.253.70,TCP,331,33738,443
1734210570.0253868,13.107.253.70,10.59.44.94,TCP,66,443,33738
1734210570.0256655,13.107.253.70,10.59.44.94,TCP,353,443,33738
1734210570.0258543,10.59.44.94,13.107.253.70,TCP,66,33738,443
1734210570.0260613,13.107.253.70,10.59.44.94,TCP,353,443,33738
1734210570.0262356,10.59.44.94,13.107.253.70,TCP,66,33738,443
1734210570.0264468,13.107.253.70,10.59.44.94,TCP,137,443,33738
1734210570.02662,10.59.44.94,13.107.253.70,TCP,66,33738,443
1734210570.0268216,10.59.44.94,13.107.253.70,TCP,97,33738,443
1734210570.0296192,13.107.253.70,10.59.44.94,TCP,2802,443,33738
1734210570.030817,13.107.253.70,10.59.44.94,TCP,2802,443,33738
1734210570.0311098,13.107.253.70,10.59.44.94,TCP,2802,443,33738
1734210570.0313263,13.107.253.70,10.59.44.94,TCP,2802,443,33738
1734210570.0315068,10.59.44.94,13.107.253.70,TCP,66,33738,443
1734210570.03171,13.107.253.70,10.59.44.94,TCP,1434,443,33738
1734210570.04005,13.107.253.70,10.59.44.94,TCP,2802,443,33738
1734210570.0403166,13.107.253.70,10.59.44.94,TCP,2802,443,33738
1734210570.0405383,13.107.253.70,10.59.44.94,TCP,2802,443,33738
1734210570.040723,10.59.44.94,13.107.253.70,TCP,66,33738,443
1734210570.0431497,13.107.253.70,10.59.44.94,TCP,4170,443,33738
1734210570.0434828,13.107.253.70,10.59.44.94,TCP,4170,443,33738
1734210570.0437078,13.107.253.70,10.59.44.94,TCP,4170,443,33738
1734210570.0438938,10.59.44.94,13.107.253.70,TCP,66,33738,443
1734210570.046787,13.107.253.70,10.59.44.94,TCP,4170,443,33738
1734210570.0470915,13.107.253.70,10.59.44.94,TCP,4170,443,33738
1734210570.047275,10.59.44.94,13.107.253.70,TCP,66,33738,443
1734210570.0586147,13.107.253.70,10.59.44.94,TCP,4946,443,33738
1734210570.0588636,10.59.44.94,13.107.253.70,TCP,66,33738,443
1734210572.330305,N/A,N/A,Other,60,N/A,N/A
1734210572.332705,N/A,N/A,Other,60,N/A,N/A
1734210574.7615771,10.59.44.94,199.232.196.193,TCP,66,38148,443
1734210574.7708192,199.232.196.193,10.59.44.94,TCP,66,443,38148
1734210582.9580123,N/A,N/A,Other,60,N/A,N/A
1734210582.9582052,N/A,N/A,Other,42,N/A,N/A
1734210588.3845897,N/A,N/A,Other,60,N/A,N/A
1734210590.956415,N/A,N/A,Other,60,N/A,N/A
1734210590.956597,N/A,N/A,Other,42,N/A,N/A
1734210591.1457777,10.59.44.94,20.42.73.24,TCP,66,35042,443
1734210591.2376614,20.42.73.24,10.59.44.94,TCP,66,443,35042
1734210596.0649838,N/A,N/A,Other,60,N/A,N/A
1734210598.9551752,N/A,N/A,Other,60,N/A,N/A
1734210598.9553907,N/A,N/A,Other,42,N/A,N/A
1734210606.9554605,N/A,N/A,Other,60,N/A,N/A
1734210606.9556623,N/A,N/A,Other,60,N/A,N/A
1734210606.955807,N/A,N/A,Other,42,N/A,N/A
1734210612.7555683,N/A,N/A,Other,60,N/A,N/A
1734210614.9554276,N/A,N/A,Other,60,N/A,N/A
1734210614.955819,N/A,N/A,Other,42,N/A,N/A
1734210615.722307,10.59.44.94,13.107.253.70,TCP,66,33738,443
1734210615.7370222,13.107.253.70,10.59.44.94,TCP,66,443,33738
1734210619.8187902,10.59.44.94,199.232.196.193,TCP,66,38148,443
1734210619.8289716,199.232.196.193,10.59.44.94,TCP,66,443,38148
1734210624.121017,N/A,N/A,Other,60,N/A,N/A
1734210630.955129,N/A,N/A,Other,60,N/A,N/A
1734210630.9553142,N/A,N/A,Other,42,N/A,N/A
1734210636.2415435,10.59.44.94,20.42.73.24,TCP,66,35042,443
1734210636.318628,20.42.73.24,10.59.44.94,TCP,66,443,35042
1734210641.321222,N/A,N/A,Other,42,N/A,N/A
1734210641.324857,N/A,N/A,Other,60,N/A,N/A
1734210653.7159774,N/A,N/A,Other,60,N/A,N/A
1734210654.9543548,N/A,N/A,Other,60,N/A,N/A
1734210654.9545817,N/A,N/A,Other,42,N/A,N/A
1734210660.0350814,13.107.253.70,10.59.44.94,TCP,105,443,33738
1734210660.0356545,13.107.253.70,10.59.44.94,TCP,90,443,33738
1734210660.0360909,13.107.253.70,10.59.44.94,TCP,66,443,33738
1734210660.0381389,10.59.44.94,13.107.253.70,TCP,66,33738,443
1734210660.038385,10.59.44.94,13.107.253.70,TCP,66,33738,443
1734210660.0504546,13.107.253.70,10.59.44.94,TCP,66,443,33738
1734210663.3933454,10.52.176.35,224.0.0.251,UDP,329,5353,5353
1734210663.3940086,N/A,N/A,UDP,349,5353,5353
1734210663.3944259,10.52.176.35,224.0.0.251,UDP,88,5353,5353
1734210663.39477,N/A,N/A,UDP,108,5353,5353
1734210663.6449008,10.52.176.35,224.0.0.251,UDP,88,5353,5353
1734210663.645349,N/A,N/A,UDP,108,5353,5353
1734210663.8959913,10.52.176.35,224.0.0.251,UDP,88,5353,5353
1734210663.8964381,N/A,N/A,UDP,108,5353,5353
1734210664.1491654,10.52.176.35,224.0.0.251,UDP,389,5353,5353
1734210664.1499674,N/A,N/A,UDP,409,5353,5353
1734210664.1505902,10.52.176.35,224.0.0.251,UDP,330,5353,5353
1734210664.1511645,N/A,N/A,UDP,350,5353,5353
1734210664.873499,10.59.44.94,199.232.196.193,TCP,66,38148,443
1734210664.8817182,199.232.196.193,10.59.44.94,TCP,66,443,38148
1734210669.5884526,N/A,N/A,Other,60,N/A,N/A
1734210670.0596998,20.42.73.24,10.59.44.94,TCP,60,443,35042
1734210673.1701875,N/A,N/A,Other,60,N/A,N/A
1734210678.9537935,N/A,N/A,Other,60,N/A,N/A
1734210678.9540813,N/A,N/A,Other,60,N/A,N/A
1734210678.954227,N/A,N/A,Other,42,N/A,N/A
1734210686.953777,N/A,N/A,Other,60,N/A,N/A
1734210686.9539614,N/A,N/A,Other,42,N/A,N/A
1734210694.954055,N/A,N/A,Other,60,N/A,N/A
1734210694.95439,N/A,N/A,Other,42,N/A,N/A
1734210695.4914036,10.59.44.94,10.128.128.128,UDP,103,44480,53
1734210695.4934392,10.59.44.94,10.128.128.128,UDP,103,47493,53
1734210695.4960897,10.128.128.128,10.59.44.94,UDP,226,53,44480
1734210695.5058775,10.128.128.128,10.59.44.94,UDP,274,53,47493
1734210695.5065289,10.59.44.94,10.128.128.128,UDP,120,37544,53
1734210695.5292072,10.128.128.128,10.59.44.94,UDP,190,53,37544
1734210695.5295126,10.59.44.94,20.42.73.24,TCP,74,35332,443
1734210695.6043525,20.42.73.24,10.59.44.94,TCP,74,443,35332
1734210695.6046429,10.59.44.94,20.42.73.24,TCP,66,35332,443
1734210695.6063867,10.59.44.94,20.42.73.24,TCP,583,35332,443
1734210695.6819763,20.42.73.24,10.59.44.94,TCP,165,443,35332
1734210695.682213,10.59.44.94,20.42.73.24,TCP,66,35332,443
1734210695.6824462,10.59.44.94,20.42.73.24,TCP,503,35332,443
1734210695.7600465,20.42.73.24,10.59.44.94,TCP,4596,443,35332
1734210695.7605054,10.59.44.94,20.42.73.24,TCP,66,35332,443
1734210695.7607508,10.59.44.94,20.42.73.24,TCP,2802,35332,443
1734210695.7609758,10.59.44.94,20.42.73.24,TCP,711,35332,443
1734210695.8326383,20.42.73.24,10.59.44.94,TCP,66,443,35332
1734210695.8329265,20.42.73.24,10.59.44.94,TCP,169,443,35332
1734210695.8331153,10.59.44.94,20.42.73.24,TCP,66,35332,443
1734210695.8344755,20.42.73.24,10.59.44.94,TCP,530,443,35332
1734210695.836844,10.59.44.94,20.42.73.24,TCP,90,35332,443
1734210695.8370714,10.59.44.94,20.42.73.24,TCP,66,35332,443
1734210695.9098163,20.42.73.24,10.59.44.94,TCP,66,443,35332
1734210697.606774,10.59.44.94,10.128.128.128,UDP,108,56045,53
1734210697.6087205,10.59.44.94,10.128.128.128,UDP,108,38077,53
1734210697.6202817,10.128.128.128,10.59.44.94,UDP,183,53,56045
1734210697.6235528,10.128.128.128,10.59.44.94,UDP,238,53,38077
1734210697.6240313,10.59.44.94,10.128.128.128,UDP,116,48875,53
1734210697.6258245,10.59.44.94,13.89.178.27,TCP,74,38774,443
1734210697.636685,10.128.128.128,10.59.44.94,UDP,187,53,48875
1734210697.6754136,13.89.178.27,10.59.44.94,TCP,74,443,38774
1734210697.6756513,10.59.44.94,13.89.178.27,TCP,66,38774,443
1734210697.675883,10.59.44.94,13.89.178.27,TCP,1935,38774,443
1734210697.681105,13.89.178.27,10.59.44.94,TCP,66,443,38774
1734210697.725299,13.89.178.27,10.59.44.94,TCP,165,443,38774
1734210697.7255583,10.59.44.94,13.89.178.27,TCP,66,38774,443
1734210697.7257907,10.59.44.94,13.89.178.27,TCP,781,38774,443
1734210697.7780457,13.89.178.27,10.59.44.94,TCP,6473,443,38774
1734210697.7782924,10.59.44.94,13.89.178.27,TCP,66,38774,443
1734210697.7785,10.59.44.94,13.89.178.27,TCP,140,38774,443
1734210697.7787106,10.59.44.94,13.89.178.27,TCP,158,38774,443
1734210697.7789202,10.59.44.94,13.89.178.27,TCP,549,38774,443
1734210697.7791314,10.59.44.94,13.89.178.27,TCP,2166,38774,443
1734210697.8242185,13.89.178.27,10.59.44.94,TCP,66,443,38774
1734210697.8245378,13.89.178.27,10.59.44.94,TCP,169,443,38774
1734210697.8247542,10.59.44.94,13.89.178.27,TCP,66,38774,443
1734210697.8249736,13.89.178.27,10.59.44.94,TCP,128,443,38774
1734210697.825158,10.59.44.94,13.89.178.27,TCP,66,38774,443
1734210697.8253698,10.59.44.94,13.89.178.27,TCP,97,38774,443
1734210697.826665,13.89.178.27,10.59.44.94,TCP,97,443,38774
1734210697.8269014,13.89.178.27,10.59.44.94,TCP,66,443,38774
1734210697.868564,10.59.44.94,13.89.178.27,TCP,66,38774,443
1734210697.874309,13.89.178.27,10.59.44.94,TCP,347,443,38774
1734210697.8745606,10.59.44.94,13.89.178.27,TCP,66,38774,443
1734210697.918336,13.89.178.27,10.59.44.94,TCP,66,443,38774
1734210709.9308054,10.59.44.94,199.232.196.193,TCP,66,38148,443
1734210709.939733,199.232.196.193,10.59.44.94,TCP,66,443,38148
1734210710.954084,N/A,N/A,Other,60,N/A,N/A
1734210718.954179,N/A,N/A,Other,60,N/A,N/A
1734210718.9543803,N/A,N/A,Other,60,N/A,N/A
1734210718.9545176,N/A,N/A,Other,42,N/A,N/A
1734210726.9548266,N/A,N/A,Other,60,N/A,N/A
1734210726.955013,N/A,N/A,Other,42,N/A,N/A
1734210731.2585359,10.59.44.94,10.128.128.128,UDP,100,42200,53
1734210731.2734153,10.128.128.128,10.59.44.94,UDP,436,53,42200
1734210734.9538622,N/A,N/A,Other,60,N/A,N/A
1734210742.9217246,10.59.44.94,13.89.178.27,TCP,66,38774,443
1734210742.969124,13.89.178.27,10.59.44.94,TCP,66,443,38774
1734210748.0736227,N/A,N/A,Other,42,N/A,N/A
1734210748.075588,N/A,N/A,Other,60,N/A,N/A
1734210750.4132726,10.52.176.35,224.0.0.251,UDP,85,5353,5353
1734210750.4137619,N/A,N/A,UDP,105,5353,5353
1734210751.4130397,10.52.176.35,224.0.0.251,UDP,85,5353,5353
1734210751.4133682,N/A,N/A,UDP,105,5353,5353
1734210754.9860651,10.59.44.94,199.232.196.193,TCP,66,38148,443
1734210754.9966116,199.232.196.193,10.59.44.94,TCP,66,443,38148
1734210763.2820377,N/A,N/A,Other,60,N/A,N/A
1734210766.953645,N/A,N/A,Other,60,N/A,N/A
1734210766.953831,N/A,N/A,Other,42,N/A,N/A
1734210774.9543064,N/A,N/A,Other,60,N/A,N/A
1734210774.95448,N/A,N/A,Other,42,N/A,N/A
1734210782.9539535,N/A,N/A,Other,60,N/A,N/A
1734210782.9541752,N/A,N/A,Other,60,N/A,N/A
1734210782.9543185,N/A,N/A,Other,42,N/A,N/A
1734210784.1497645,10.52.176.35,224.0.0.251,UDP,329,5353,5353
1734210784.1503968,N/A,N/A,UDP,349,5353,5353
1734210784.1507187,10.52.176.35,224.0.0.251,UDP,88,5353,5353
1734210784.1509922,N/A,N/A,UDP,108,5353,5353
1734210784.4030316,10.52.176.35,224.0.0.251,UDP,88,5353,5353
1734210784.403353,N/A,N/A,UDP,108,5353,5353
1734210784.654489,10.52.176.35,224.0.0.251,UDP,88,5353,5353
1734210784.6548738,N/A,N/A,UDP,108,5353,5353
1734210784.9089785,10.52.176.35,224.0.0.251,UDP,389,5353,5353
1734210784.9097743,N/A,N/A,UDP,409,5353,5353
1734210784.9104426,10.52.176.35,224.0.0.251,UDP,330,5353,5353
1734210784.911137,N/A,N/A,UDP,350,5353,5353
1734210789.8016336,10.59.44.94,13.89.178.27,TCP,66,38774,443
1734210789.8563774,13.89.178.27,10.59.44.94,TCP,66,443,38774
1734210794.921591,N/A,N/A,Other,42,N/A,N/A
1734210794.9237528,N/A,N/A,Other,60,N/A,N/A
1734210794.9255402,N/A,N/A,Other,60,N/A,N/A
1734210795.9481516,N/A,N/A,Other,60,N/A,N/A
1734210800.0415673,10.59.44.94,199.232.196.193,TCP,66,38148,443
1734210800.0505886,199.232.196.193,10.59.44.94,TCP,66,443,38148
1734210814.9532297,N/A,N/A,Other,60,N/A,N/A
1734210814.9534137,N/A,N/A,Other,42,N/A,N/A
1734210821.1758173,10.59.44.94,10.128.128.128,UDP,100,35142,53
1734210821.1914039,10.128.128.128,10.59.44.94,UDP,292,53,35142
1734210821.1917608,10.59.44.94,185.125.190.98,TCP,74,51300,80
1734210821.3373718,185.125.190.98,10.59.44.94,TCP,74,80,51300
1734210821.3376248,10.59.44.94,185.125.190.98,TCP,66,51300,80
1734210821.3379753,10.59.44.94,185.125.190.98,TCP,153,51300,80
1734210821.4842436,185.125.190.98,10.59.44.94,TCP,251,80,51300
1734210821.4844646,10.59.44.94,185.125.190.98,TCP,66,51300,80
1734210821.484649,185.125.190.98,10.59.44.94,TCP,66,80,51300
1734210821.4848273,10.59.44.94,185.125.190.98,TCP,66,51300,80
1734210821.629348,185.125.190.98,10.59.44.94,TCP,66,80,51300
1734210823.1680684,13.89.178.27,10.59.44.94,TCP,60,443,38774
1734210830.9544077,N/A,N/A,Other,60,N/A,N/A
1734210830.954612,N/A,N/A,Other,60,N/A,N/A
1734210830.9550014,N/A,N/A,Other,42,N/A,N/A
1734210838.9536395,N/A,N/A,Other,60,N/A,N/A
1734210838.9538434,N/A,N/A,Other,60,N/A,N/A
1734210838.9539845,N/A,N/A,Other,42,N/A,N/A
1734210845.0966616,10.59.44.94,199.232.196.193,TCP,66,38148,443
1734210845.1071599,199.232.196.193,10.59.44.94,TCP,66,443,38148
1734210846.9539664,N/A,N/A,Other,60,N/A,N/A
1734210854.9531069,N/A,N/A,Other,60,N/A,N/A
1734210854.9533002,N/A,N/A,Other,60,N/A,N/A
1734210854.9534385,N/A,N/A,Other,42,N/A,N/A
1734210862.9537947,N/A,N/A,Other,60,N/A,N/A
1734210862.9539728,N/A,N/A,Other,42,N/A,N/A
1734210870.0825126,10.59.44.94,10.128.128.128,UDP,97,37049,53
1734210870.0845244,10.59.44.94,10.128.128.128,UDP,97,34665,53
1734210870.0956295,10.128.128.128,10.59.44.94,UDP,230,53,37049
1734210870.1016173,10.59.44.94,13.107.246.70,TCP,74,38346,443
1734210870.1150908,10.128.128.128,10.59.44.94,UDP,260,53,34665
1734210870.1155224,10.59.44.94,10.128.128.128,UDP,102,37943,53
1734210870.1157382,13.107.246.70,10.59.44.94,TCP,74,443,38346
1734210870.115915,10.59.44.94,13.107.246.70,TCP,66,38346,443
1734210870.1161487,10.59.44.94,13.107.246.70,TCP,2130,38346,443
1734210870.1205947,13.107.246.70,10.59.44.94,TCP,66,443,38346
1734210870.127105,10.128.128.128,10.59.44.94,UDP,162,53,37943
1734210870.1352859,13.107.246.70,10.59.44.94,TCP,165,443,38346
1734210870.136207,10.59.44.94,13.107.246.70,TCP,66,38346,443
1734210870.136458,10.59.44.94,13.107.246.70,TCP,944,38346,443
1734210870.1686149,13.107.246.70,10.59.44.94,TCP,2802,443,38346
1734210870.1688488,10.59.44.94,13.107.246.70,TCP,66,38346,443
1734210870.169055,13.107.246.70,10.59.44.94,TCP,1426,443,38346
1734210870.1692448,10.59.44.94,13.107.246.70,TCP,66,38346,443
1734210870.1725776,13.107.246.70,10.59.44.94,TCP,2802,443,38346
1734210870.172817,10.59.44.94,13.107.246.70,TCP,66,38346,443
1734210870.173028,13.107.246.70,10.59.44.94,TCP,228,443,38346
1734210870.1732137,10.59.44.94,13.107.246.70,TCP,66,38346,443
1734210870.173414,10.59.44.94,13.107.246.70,TCP,140,38346,443
1734210870.173616,10.59.44.94,13.107.246.70,TCP,158,38346,443
1734210870.173819,10.59.44.94,13.107.246.70,TCP,331,38346,443
1734210870.2005706,13.107.246.70,10.59.44.94,TCP,66,443,38346
1734210870.200853,13.107.246.70,10.59.44.94,TCP,353,443,38346
1734210870.2010443,10.59.44.94,13.107.246.70,TCP,66,38346,443
1734210870.201254,13.107.246.70,10.59.44.94,TCP,353,443,38346
1734210870.201434,10.59.44.94,13.107.246.70,TCP,66,38346,443
1734210870.2016516,13.107.246.70,10.59.44.94,TCP,137,443,38346
1734210870.2018268,10.59.44.94,13.107.246.70,TCP,66,38346,443
1734210870.202027,10.59.44.94,13.107.246.70,TCP,97,38346,443
1734210870.2248697,13.107.246.70,10.59.44.94,TCP,2802,443,38346
1734210870.225164,13.107.246.70,10.59.44.94,TCP,2802,443,38346
1734210870.2253942,13.107.246.70,10.59.44.94,TCP,2802,443,38346
1734210870.2256796,13.107.246.70,10.59.44.94,TCP,2802,443,38346
1734210870.2258976,13.107.246.70,10.59.44.94,TCP,2802,443,38346
1734210870.2260764,10.59.44.94,13.107.246.70,TCP,66,38346,443
1734210870.2328362,13.107.246.70,10.59.44.94,TCP,2802,443,38346
1734210870.2330568,10.59.44.94,13.107.246.70,TCP,66,38346,443
1734210870.238161,13.107.246.70,10.59.44.94,TCP,4170,443,38346
1734210870.238431,13.107.246.70,10.59.44.94,TCP,4170,443,38346
1734210870.2386463,13.107.246.70,10.59.44.94,TCP,4170,443,38346
1734210870.2388659,13.107.246.70,10.59.44.94,TCP,4170,443,38346
1734210870.239047,10.59.44.94,13.107.246.70,TCP,66,38346,443
1734210870.2443254,13.107.246.70,10.59.44.94,TCP,4170,443,38346
1734210870.2446053,13.107.246.70,10.59.44.94,TCP,4170,443,38346
1734210870.2448254,13.107.246.70,10.59.44.94,TCP,4170,443,38346
1734210870.2450454,13.107.246.70,10.59.44.94,TCP,846,443,38346
1734210870.2452312,10.59.44.94,13.107.246.70,TCP,66,38346,443
1734210870.9541206,N/A,N/A,Other,60,N/A,N/A
1734210872.2561765,10.59.44.94,10.128.128.128,UDP,103,44184,53
1734210872.2577822,10.59.44.94,10.128.128.128,UDP,103,32813,53
1734210872.268813,10.128.128.128,10.59.44.94,UDP,223,53,44184
1734210872.2715344,10.128.128.128,10.59.44.94,UDP,267,53,32813
1734210872.2743742,10.59.44.94,10.128.128.128,UDP,113,40121,53
1734210872.2748475,10.59.44.94,20.42.73.26,TCP,74,53616,443
1734210872.2836149,10.128.128.128,10.59.44.94,UDP,183,53,40121
1734210872.3569815,20.42.73.26,10.59.44.94,TCP,74,443,53616
1734210872.358233,10.59.44.94,20.42.73.26,TCP,66,53616,443
1734210872.3585744,10.59.44.94,20.42.73.26,TCP,1903,53616,443
1734210872.3645747,20.42.73.26,10.59.44.94,TCP,66,443,53616
1734210872.4387515,20.42.73.26,10.59.44.94,TCP,165,443,53616
1734210872.4389849,10.59.44.94,20.42.73.26,TCP,66,53616,443
1734210872.4392858,10.59.44.94,20.42.73.26,TCP,749,53616,443
1734210872.5253944,20.42.73.26,10.59.44.94,TCP,6471,443,53616
1734210872.5256362,10.59.44.94,20.42.73.26,TCP,66,53616,443
1734210872.5259058,10.59.44.94,20.42.73.26,TCP,140,53616,443
1734210872.52612,10.59.44.94,20.42.73.26,TCP,158,53616,443
1734210872.5263214,10.59.44.94,20.42.73.26,TCP,548,53616,443
1734210872.5265343,10.59.44.94,20.42.73.26,TCP,2166,53616,443
1734210872.6049702,20.42.73.26,10.59.44.94,TCP,66,443,53616
1734210872.6054246,20.42.73.26,10.59.44.94,TCP,169,443,53616
1734210872.6058624,10.59.44.94,20.42.73.26,TCP,66,53616,443
1734210872.6061716,20.42.73.26,10.59.44.94,TCP,128,443,53616
1734210872.6064203,10.59.44.94,20.42.73.26,TCP,66,53616,443
1734210872.6066756,20.42.73.26,10.59.44.94,TCP,97,443,53616
1734210872.606898,10.59.44.94,20.42.73.26,TCP,66,53616,443
1734210872.607084,20.42.73.26,10.59.44.94,TCP,66,443,53616
1734210872.6076999,20.42.73.26,10.59.44.94,TCP,66,443,53616
1734210872.6079862,10.59.44.94,20.42.73.26,TCP,97,53616,443
1734210872.6842775,20.42.73.26,10.59.44.94,TCP,346,443,53616
1734210872.7256844,10.59.44.94,20.42.73.26,TCP,66,53616,443
1734210872.7334206,20.42.73.26,10.59.44.94,TCP,66,443,53616
1734210886.9539804,N/A,N/A,Other,60,N/A,N/A
1734210886.9541872,N/A,N/A,Other,60,N/A,N/A
1734210886.9543266,N/A,N/A,Other,42,N/A,N/A
1734210890.153767,10.59.44.94,199.232.196.193,TCP,66,38148,443
1734210890.1635308,199.232.196.193,10.59.44.94,TCP,66,443,38148
1734210891.3956685,N/A,N/A,Other,60,N/A,N/A
1734210894.9544778,N/A,N/A,Other,60,N/A,N/A
1734210902.9543884,N/A,N/A,Other,60,N/A,N/A
1734210902.9545808,N/A,N/A,Other,42,N/A,N/A
1734210904.9094598,10.52.176.35,224.0.0.251,UDP,329,5353,5353
1734210904.9100833,N/A,N/A,UDP,349,5353,5353
1734210904.9104822,10.52.176.35,224.0.0.251,UDP,88,5353,5353
1734210904.91078,N/A,N/A,UDP,108,5353,5353
1734210905.1599166,10.52.176.35,224.0.0.251,UDP,88,5353,5353
1734210905.160252,N/A,N/A,UDP,108,5353,5353
1734210905.412458,10.52.176.35,224.0.0.251,UDP,88,5353,5353
1734210905.4127922,N/A,N/A,UDP,108,5353,5353
1734210905.6653013,10.52.176.35,224.0.0.251,UDP,389,5353,5353
1734210905.6661415,N/A,N/A,UDP,409,5353,5353
1734210905.6669087,10.52.176.35,224.0.0.251,UDP,330,5353,5353
1734210905.66753,N/A,N/A,UDP,350,5353,5353
1734210910.954653,N/A,N/A,Other,60,N/A,N/A
1734210910.9548461,N/A,N/A,Other,42,N/A,N/A
1734210913.1635542,N/A,N/A,Other,60,N/A,N/A
1734210913.165983,N/A,N/A,Other,60,N/A,N/A
1734210916.7775452,10.59.44.94,13.107.246.70,TCP,66,38346,443
1734210916.7893624,13.107.246.70,10.59.44.94,TCP,66,443,38346
1734210918.8257182,10.59.44.94,20.42.73.26,TCP,66,53616,443
1734210918.9038649,20.42.73.26,10.59.44.94,TCP,66,443,53616
1734210922.2104716,N/A,N/A,Other,60,N/A,N/A
1734210922.2126763,N/A,N/A,Other,60,N/A,N/A
1734210926.9543073,N/A,N/A,Other,60,N/A,N/A
1734210926.9544961,N/A,N/A,Other,42,N/A,N/A
1734210934.9553938,N/A,N/A,Other,60,N/A,N/A
1734210934.955573,N/A,N/A,Other,42,N/A,N/A
1734210935.2090516,10.59.44.94,199.232.196.193,TCP,66,38148,443
1734210935.218234,199.232.196.193,10.59.44.94,TCP,66,443,38148
